内容,作者,发布时间,转发数,评论数,点赞数,页码
"　　【深化改革创新 拓展全面育人新格局】

　　■教育强国建设 高校党建何为·笔谈

　　习近平总书记强调，“思政课是落实立德树人根本任务的关键课程”“‘大思政课’我们要善用之”。在给中国传媒大学全体师生的回信中，习近平总书记明确要求，要落实立德树人根本任务，聚焦新闻舆论工作需要，突出 ​ 展开c",中国教育新闻网,2024年12月18日 10:50 ,0,0,0,21
"#中国传媒大学读书节#
“翻页日历”21天阅读打卡活动回顾📅

当书页翻开时，我的生命就开始了。撕下的日历，铺成时间的轨迹，通向初次涉足浮空热岛的时刻🛤️亲爱的旅行家们，让我们乘着时光的书页，回顾这21天的热岛之旅吧☀️

在这21天的打卡过程中，相信每一位旅行家都留下了美好的回忆💫希 ​ 展开c",广院学实交流会,2024年12月12日 23:15,4,4,0,21
#中国传媒大学#有没有师哥师姐出文史哲的书和试题资料 ​,阑尾炎要睡觉,2024年12月09日 15:06 ,0,0,0,21
"恭喜艺六狼孩任书漾
获中传绿通A级评定
直接get中传终试
@BOYSTORY_任书漾 未来可期！
#艺考##治愈系爱豆任书漾##中国传媒大学##表演# 2太原·艺六学堂 ​",艺六学堂,2024年12月06日 19:41 ,42,242,0,21
"#中国传媒大学读书节#
「岁月常景」——山林野趣生灵舞🌲

👋 嘿，各位“铲屎官”和“毛孩子”爱好者们看过来！
当你踏进这片奇妙的天地⛰️
🐰你会看到兔子在草丛中蹦蹦跳跳，软萌的样子分分钟让人“血槽清空”
🐱猫咪迈着优雅的猫步，时而慵懒地晒着太阳，时而又开启“好奇宝宝”模式探索着 ​ 展开c",广院学实交流会,2024年12月05日 23:52,8,19,0,22
"【我的照片故事】——286
～恰同学少年～
#北京广播学院##中国传媒大学##大学第一课##79级电视摄影班#

我没有说错吧，
北京广播学院留影，
我的学生们也要抱着摄影机，
潇洒地站在“考茨基”大门前…

这批小帅哥是79摄影班一部，
怎么“满园春色却娇娘”啊？
是啊“79摄影”咋整的没招女生，
齐刷刷 ​ 展开c",王纪言,2024年09月04日 18:20 ,6,20,0,22
"【我的照片故事】——283
～我在母校门口的纪念照～
#北京广播学院##中国传媒大学##大学第一课#

九月是开学季，
九月一日是开学日。
整整五十年前的那个秋天，
是我难忘的开学季和开学日。
我进入了北京广播学院上学。
当年同学们有个约定——
要手持课程教学发的照相机，
赶到西侧的校门口拍张纪念照 ​ 展开c",王纪言,2024年09月01日 13:34 ,8,50,0,22
【#中传毕业生用青春激情唱响平凡之路#】中国传媒大学毕业典礼现场，用青春激情唱响《平凡之路》，一起“跨过山和大海，穿过人山人海”！#中国传媒大学24届毕业典礼##中国传媒大学# L北京时间的微博视频 ​,北京时间,2024年06月29日 11:00 ,0,6,0,22
【#中传毕业生合唱晴天#】6月29日，中国传媒大学毕业典礼现场，全场学生温馨合唱《晴天》，“故事的最后你好像还是说了拜拜”！ #中国传媒大学24届毕业典礼##中国传媒大学# L北京时间的微博视频 ​,北京时间,2024年06月29日 10:59 ,0,3,0,22
"中国传媒大学超话
#中国传媒大学70周年校庆#🎊#中国传媒大学#
亲爱的小白杨们，今天是中国传媒大学70周年校庆日！校园里充满了温暖的阳光和愉悦的气息🎈让我们一起欢迎校友们回家，并为母校献上最诚挚的祝福，愿母校越来越好、再创辉煌🎂🎂🎉 ​",中国传媒大学微博协会,2024-09-27 09:22 转赞人数超过100,12,188,0,22
中国传媒大学超话#中国传媒大学##交响乐团##长号# 祝乐团15岁生日快乐！从2018年到2024年，从台上到台下，乐团承载了本科期间太多美好的回忆。看彩排的时候无数次热泪盈眶，不仅是音乐带来的感动，更是真心为乐团的发展感到高兴，很自豪自己曾经是中传青年爱乐的一份子，也很开心能够再次见到 ​ 展开c,董贝果,2023年12月21日 12:25 ,2,3,0,22
"#中国传媒大学读书节#
「文字的秘密」——寻找古文字的焰火，揭晓实虚词的神奇力量🪄

实词与虚词交织着，跃进鲜活的文墨，烧成最瞩目的一片焰，炼出古文言的髓。以实见意，以虚写诗，民族的魂魄在炙热中，走向永昼🌄

「文字的秘密」第三期，学小实带领小白杨们走进实虚词的神奇世界，理解《论语 ​ 展开c",广院学实交流会,2023年12月14日 13:28,2,3,0,22
"#中国传媒大学读书节#
「漫游书屋」——笔墨成诗，铺展乡镇神奇画卷🖼️

在远离喧嚣的地方，撰写独一无二的人生故事，在瑰丽的景色中品读经典与传奇🦋

「漫游书屋」第二期，学小实将带领小白杨们走进英国霍沃斯小镇，意大利白露里治奥古城和法国埃兹村镇🏡感悟作者笔下的命运交汇，跟随经典人 ​ 展开c",广院学实交流会,2023年12月08日 23:36,3,7,0,22
"鼠妹最后穿上了婚纱，却还是没有等到伍超。
伍超，我们来世再见。中国传媒大学超话#中国传媒大学# 2北京·中国传媒大学 ​",Kunnn煜煜楊,2023年12月04日 22:23 ,6,29,0,23
"假如
毕业是在冬天呢❄️
#周末要毕业##中国传媒大学##原创音乐舞台剧# ​",网友小10,2023年12月04日 14:57 ,9,10,0,23
"👧#辣辣日常手帐#🇨🇳⭐️
中国共产主义青年团中国传媒大学第十二次代表大会🎉 #中国传媒大学#

李嘉欣Josie超话🌟#李嘉欣Josie# 2北京·中国传媒大学国重大楼 ​",李嘉欣Josie,2023年12月03日 18:39 ,6,9,0,23
"#中国传媒大学读书节#
「文字的秘密」——亲爱的探险家，请揭开古文字的神秘面纱🏛️

凝视不朽的文明，望见生命的流动与汇融，千年一梦，几经浮沉，文字的力量仍令我们感到震撼📜

「文字的秘密」第一期，学小实带领小白杨们走进古文世界，听那回荡在时空中的驼铃声，为我们揭晓“福”“中”“文 ​ 展开c",广院学实交流会,2023年12月01日 22:16,6,7,0,23
#主持人大赛# #中国传媒大学# #感动中国# 如何致敬林占熺、徐淙祥，苌道勤(常道勤) 融入真情实感：时光知味，岁月沉香，感动常在。从两位大咖“吾将上下而求索”的精神里，学习到如何寻找幸福，如何成就大写的“人” 这是一段需要时光来品味的旅程,陳小麗LilyChan,2023年11月28日 15:12,0,3,0,23
"@嗷嗷嗷嗷斯汀苌 #常道勤# 对于主持人而言，不只是打磨声音，更多的是打磨自己的内心；在现场既需要内心的强大，还需要追寻自己的热爱，常道勤找到自己的热爱就是体育 希望大家都能用自己的声音表达自己的热爱#中国传媒大学##主持人大赛#

主持人大赛|实用干货分享第三弹 ​ 展开c",陳小麗LilyChan,2023年11月26日 21:26,1,5,0,23
"#中国传媒大学读书节#
「漫游书屋」——风翻页动，走进东西方繁华都市🌃

我们相信书籍有着神奇的力量， 能够让我们穿越时空，踏上奇妙的冒险之旅⛰️

「漫游书屋」第一期，学小实将带领小白杨们穿越到上世纪初的上海，19世纪的法国，以及中世纪的中东🌍领略作者笔下的瑰丽想象或是心路历程，体 ​ 展开c",广院学实交流会,2023年11月26日 00:03,4,7,0,23
"我与中传的第五个秋🍂

还没有掉光光的树叶是秋日的最后一点痕迹，在这里，还会有下一个秋。

📷：小勺
#北京的秋天##中国传媒大学##打卡一个秋天##写真##氛围感# 2北京·中国传媒大学 ​",彤七七呀_,2023年11月23日 17:46 ,5,16,0,24
"挑战全网女生最多的球场
#打篮球的女生##中国传媒大学#
L常常常新宇的微博视频 ​",常常常新宇,2023年11月20日 16:54 ,2,13,0,24
"#月亮生活碎片放送ing##中国传媒大学#
▶︎▷
晚风轻踩着云朵，夕阳深处有一家七彩的小卖部，贩卖着浪漫与温柔

与你分享 美好瞬间ξ( ✿＞◡❛)

#与你邀月 月明星稀# ​",把月亮偷偷给你,2023年11月17日 19:28 ,1,9,0,24
#中传着火##中国传媒大学# 恰同学少年，为梦想“当燃”……地狱级笑话……同学无一伤亡，快递无一幸免…… 2北京·中国传媒大学 ​,乐比小新_,2023年11月15日 02:59 ,1,7,0,25
#中传着火# 谁家学校驿站着了同学们带相机冲下楼啊所幸人没事儿，只是苦了双十一买完东西并且到菜鸟的友友们中国传媒大学超话#中国传媒大学# ​​​,LO吕珪VE,2023年11月14日 23:03 ,0,12,0,25
"#中国传媒大学#中国传媒大学超话
钢琴🎹湖畔音乐会，大型室外蹦迪现场
二人转节目看得我是目不转睛
当二人转演员当众表演头碎玻璃啤酒瓶时
大学校园里顿时“听取蛙声一片” 2北京·中国传媒大学 ​",凌晨鱼落雁,2023年11月14日 01:09 ,1,7,0,25
开始速冻啦🥶#中国传媒大学##冬天#中国传媒大学超话 2北京·中国传媒大学 ​,白日梦爱好者Bruce_,2023年11月13日 12:35 ,2,18,0,25
CUC Musical❤️🎵#中国传媒大学# ​,窦玉晴_微博,2023年11月12日 13:36 ,1,6,0,25
"记者节快乐✨
今年一月预科寒假的时候在家闲不住所以去了塔城融媒体中心记者部帮忙，帮忙听听同期声、帮忙举举话筒，有时候写写稿件，大部分时间是跟着哥哥姐姐屁股后面跑采访。预科没学过专业课但最起码看到了最基础的新闻采编过程，也算有些收获。
趁我还没被现实捶打，趁我还没被现实打倒，希望我的 ​ 展开c",芝士鱼今天学英语了吗,2023年11月08日 09:30 ,2,10,0,25
#中国传媒大学# 音乐剧工作坊🥰 ​,窦玉晴_微博,2023年11月04日 17:32 ,1,13,0,26
"CUC秋日浪漫运作
2023年的秋天在中传遇见的色彩
有这一生都不会忘怀的斑斓
#中国传媒大学#中国传媒大学超话 2北京·中国传媒大学 L李逸也是麻花哥的微博视频 ​",花哥话不多,2023年11月04日 00:51 ,0,2,0,26
"#中传学实公开课#
爱与艺术在此刻碰撞❤️

由中国传媒大学与@爱奇艺 联合主办的“桃厂艺术家进校园”交流会在中国传媒大学广告博物馆圆满举行。艺术家们立足于同学们学习过程中真实存在的问题，真诚交流职业经历和心得体会，同学们积极发问，热情互动。点击下方视频回顾精彩瞬间✨

​ 展开c",广院学实交流会,2023年11月03日 16:12 ,4,15,0,26
"十月的最后一天
传子好快乐
音乐节既视感 我爱的凤凰传奇
好多漂亮姐姐呜呜呜
各种cos（周迅表情包：好多人啊）
附带两张我的作品哈哈哈哈哈哈哈#万圣节##中国传媒大学# 2北京·中国传媒大学 ​",来份蛋挞挞挞挞挞挞挞啊,2023年10月31日 23:12 ,0,7,0,26
"今天一天参加了本校的四个会议和座谈，学校学术活动越加丰富和多维。
其中，中国特色新闻传播学建设尤为紧迫，文理跨学科攻关也得到兄弟院校肯定。
#新闻传播学##中国传媒大学##校园宝藏地#
@中国传媒大学 2上海·华东师范大学中北校区 ​",中国传媒大学刘俊,2023年10月27日 21:25 ,2,15,0,26
"本科专业从艺术类变成了高考文化分直接录取，此时的感觉和2020年高考的时候得知北电摄影系和中戏文学系取消校考时一样略无言...

虽然这是个趋势，虽然感觉我的专业并无太多...艺术性😓。不过我还是觉得专业校考是双方进行选择的重要一环吧，无论是中传编导类、北电摄影系、中戏文学系以及其他。

恐 ​ 展开c",Yiheunmyo,2023年10月25日 12:39 ,1,9,0,26
"【重回母校故地重游vlog】占星师ezoey徐佩玲怀旧之旅来啦！
这次佩玲周末散步回到了母校，在中传度过的学生时光还是记忆犹新。那个时候脑子里有太多想法，感觉世界很大，都想去看看，而今八年匆匆过去，只觉得时光太快。
话不多说，怀旧之旅开始！
#十月小确幸# #vlog# #中国传媒大学# ​ 展开c",Ezoey徐佩玲,2023年10月24日 17:17 ,10,6,0,27
书迷朋友们！！！春春请到了月关大大！！！活动见下图，想参与就赶快报名吧！！！不能来到现场的书迷朋友们也可以在直播蹲TO签哦！！！还有巨巨巨好看的定制章！！！一定不要错过！！！北京超话#新书推送##中国传媒大学##作家##推文##好书推荐##读书打卡##网文##南宋异闻录# 2沈阳·辽宁出版集团 ​,春风文艺出版社,2023年10月24日 15:43 ,9,7,0,27
"【video clip】
我不信，视频剪成这样还能招募到被试？
中国传媒大学超话#中国传媒大学##剪辑##闪闪发光的同学# L柯柯suguoi的微博视频 ​",柯柯suguoi,2023年10月21日 12:04 ,15,16,0,27
有没有人想玩cosplay，你cos我上两天学，我出去play两天#中国传媒大学# 2北京·中国传媒大学 ​,天天开心呀o3o,2023年10月18日 11:21 ,4,6,0,27
"""热爱从不降温，时间和我都在往前走。”@若-阳 #中国传媒大学##大一新生# ​",窦玉晴_微博,2023年10月16日 16:15 ,4,9,0,27
#校园随手拍#中国传媒大学超话#中国传媒大学# 散落在校园里的宁静与美好值得被记录在青春。校园生活边角料，朋友之前的嬉闹，炙热滚烫的瞬间，未完待续的青春。 2北京·中国传媒大学 ​,柯学馆,2023年10月13日 15:28 ,1,6,0,27
"cheers🍾️

#crp的照片墙##人像摄影##中国传媒大学# ​",Cruopeng,2023年10月10日 21:36 ,2,9,0,27
开始上课啦#表演生##中国传媒大学##日常##大一新生# 2北京·中国传媒大学 ​,累炖ldoon,2023年10月09日 12:03 ,10,25,0,27
我们等庞加莱重现。#中国传媒大学# 2北京·中国传媒大学 ​,俺4萌子,2023年09月29日 04:44 ,1,7,0,28
"一觉醒来我怎么还在车上哈哈哈🥲晕车预警🆘
好好好，毕竟是160来辆大巴车，但是这个路况本来就很堵💔感觉北京好久没这么堵了，四个小时了😐已经迫不及待想回学校回家了🤩#中国传媒大学#李嘉欣Josie超话 🌟#李嘉欣Josie# 2北京·红领巾桥 ​",李嘉欣Josie,2023年09月28日 16:22 ,5,12,0,28
揭密乐言（传媒）艺术培训学校“语言能力课”测评，#家长#朋友们来看看孩子们#即兴语言表达#能力 强不强？！#中国传媒大学# 的#测评员# 美不美！？#中传花少# L唐刚DJ-VJ的微博视频 ​,唐刚DJ-VJ,2023年09月26日 21:43 ,1,1,0,28
"晚霞和夕阳🌇Romantic sunset
中传军训接近尾声，这两天开始进行文艺汇演节目、结训仪式方阵的彩排了，倒计时2天🕖，快要回CUC啦，快要回家啦，说实话有点不舍🥹……真的很喜欢军训的氛围♥️#中国传媒大学##中传#李嘉欣Josie超话 🌟#李嘉欣Josie# 2北京 ​",李嘉欣Josie,2023年09月26日 20:13 ,5,13,0,28
一转眼就大三了#中国传媒大学##开学# 2北京·中国传媒大学 ​,小邓爱说话,2023年09月26日 18:12 ,3,6,0,28
军训进程一半啦，明天早上5:30开始十公里拉练，我准备好噜！😆🏃‍♀️#中国传媒大学#李嘉欣Josie超话 🌟#李嘉欣Josie# 2北京 L李嘉欣Josie的微博视频 ​,李嘉欣Josie,2023年09月23日 23:28 ,5,21,0,28
中传军训｜重生之我是背包侠#中国传媒大学##军训#夜魔知晏超话 L夜魔知晏的微博视频 ​,夜魔知晏,2023年09月23日 18:23 ,8,43,0,28
"有幸参与北京市第二届冬季运动会花样滑冰比赛的解说工作，在工作中真是学到了不少，老师们的教导和帮助都让我受益匪浅，网友们的批评我也全盘接受，正在反思改进，争取下次说的更好
#花样滑冰##体育##中国传媒大学# ​",张门门Zorra,2023年09月19日 21:52 ,2,8,0,29
"正文在这里👉O2024中传考研11大变化！你的专业被取消了吗？
连夜梳理数据，具体变动赶快戳戳了解中国传媒大学考研超话中传考研超话#中传#CUC中传考研超话#24考研##中国传媒大学# ​",空了个格中传考研,2023年09月19日 13:14 ,1,2,0,29
"【8，9月plog】
🫅28年第一次来故宫
🧑‍🤝‍🧑有趣的朋友
🧩不关注 不期待
#中国传媒大学##闪闪发光的同学##开学季# ​",柯柯suguoi,2023年09月16日 10:36 ,15,16,0,29
"中国传媒大学备考信息

过两天就开始针对整理24届初试的备考资料和录一些针对课程。

ps:整理这个文件就花了整整2天，换算的数据参考仅为黑龙江省#中国传媒大学#中国传媒大学超话 ​",一只大学流浪狗,2023年09月15日 15:09 ,1,7,0,30
一些出镜小任务～#中国传媒大学# 2北京·中国传媒大学 ​,Mai的小世界,2023年09月12日 19:15 ,4,12,0,30
昨天#中国传媒大学##开学快乐# 2北京·中国传媒大学 ​,姜子牙疼疼,2023年09月11日 16:42 ,5,37,0,31
"【央视原主持人王志履新中央民族大学副校长】

近日，中央民族大学官网“学校领导”一栏更新信息显示，曾任央视主持人的王志现已出任中央民族大学党委常委、副校长。

此前，王志担任中国传媒大学校长助理等职。

公开资料显示，王志，湖南衡阳人，1965年5月生，1986年毕业于湖南师范大学中文系，1989 ​ 展开c",中访网微博,2023年09月11日 15:06 ,4,20,0,31
"中传播音｜2023服贸会首钢园讲解员

🟠是五天的工作照合集！

🟠因为讲解的是金融专题展区，难度系数还是🈶️的，还好顺利完成任务～

🟠第一次来服贸会，拿着话筒带着音响在人群里穿行的时候需要一个脑子当八个用，一边要想着说的内容一边要对接下一个展台，还要处理各种各样的突发小状况 ​ 展开c",彤七七呀_,2023年09月07日 23:21 ,1,20,0,31
这里是终点，也是起点#中国传媒大学##大一新生# 2北京·中国传媒大学 ​,窦玉晴_微博,2023年09月06日 12:43 ,3,51,0,32
日夜努力的结果悄然而至，我终于来到了梦想中的学府（虽然被全英报道打了个措手不及 要好好学英语了）#中国传媒大学##开学季#中国传媒大学超话 2北京·中国传媒大学 ​,夜魔知晏,2023年09月06日 11:23 ,14,62,0,32
"#中国传媒大学# 学生会学习实践部招新啦❗❗🎈🎈

命运的齿轮缓缓转动…⚙️
我们在「映客会」与超一线大片见面🎞️
在「公开课」与名人大咖对话🎤
在「出走」栏目采撷思想精华📃
在「读书节」与好书邂逅📚
……

加入学小实大家庭🪄
与最专业的团队、最靠谱的同事并行
这一次，你可以自 ​ 展开c",广院学实交流会,2023年09月02日 20:04,3,5,0,32
【#表演艺考备考#秘籍】四大名校#北京电影学院##中央戏剧学院##上海戏剧学院##中国传媒大学#艺考实战经验！艺考培训老师不会给你讲的一些东东~ （表演系大师兄​​​） ​,表演艺考表叔,2023年08月28日 09:48 ,0,31,0,32
"🐱🐱🐱
重磅！万茜、韩庚领衔主演话剧《你好，疯子》来啦～
话剧《你好，疯子!》首演于2013年，是饶晓志导演继《你好，打劫!》之后的又一部黑色幽默题材悬疑话剧。但是，此“悬疑”非彼“悬疑”，这个“悬疑”在意的是你我，勾起的是良知。根据话剧《你好，疯子!》改编的同名电影于2016年在中国 ​ 展开c",猫咪文艺范儿,2023年08月26日 18:05 ,2,112,0,32
"中国传媒大学超话 中传播音｜有趣和有意义怎么不可兼得？
这是中传广西推普小分队的第一天，下乡调研：
从早上7点到傍晚7:30的工作量，竟然没人觉得累。
玩中工作或许就是当代年轻人的持续待机秘诀#中国传媒大学##推普助力乡村振兴##出圈吧大学生#VLOG超话#微博vlog大赛##日常vlog[超话] ​ 展开c",张珑璟,2023年08月24日 19:36 ,1,7,0,32
"这一杯，让我敬这位兄弟！🍷
功德无量

中国传媒大学考研超话#中国传媒大学#中传考研超话#中传##cuc考研#CUC中传考研超话#24考研# ​",空了个格中传考研,2023年08月24日 17:20 ,3,16,0,32
从大学英语四级差一分通过到成为联合国生物多样性大会CO P15的专用双语主持人，最近也为蒙古烟草大王和他家人做了两天翻译，我知道我发音不是最好的，但是主持人需要具备的能力有写稿能力，临场应变能里，文学素养，交际能力，甚至一定的颜值气质还有情商等等，对了，还有自信和勇气，你要相信自己一定 ​ 展开c,郭铜君Bonnie,2023年08月21日 15:41 ,13,5,0,33
"当当当！国潮原创音乐剧《唐朝诡事录之曼陀罗》大美定妆照来啦！你喜欢的是哪位卡司？8月18号~20号来天桥艺术中心看现场吧，解锁更多明星演员~
#北京电影学院##中戏##中国传媒大学##中央民族大学# ​",猫咪文艺范儿,2023年08月11日 10:36 ,35,358,0,33
"2023校友会中国大学排名 26 强
校友会排名是中国校友会网每年根据其排名指标发布的大学排名榜单，主要评价指标包括办学层次、思政教育、教学质量、杰出校友、高层次人才、学科专业、科研项目、科研基地、科研成果、社会服务、社会声誉和国际影响力等，排名仅供参考。#中国的大学教育##大学教育# ​ 展开c",新特光电鸿镭激光陈博,2023年08月10日 04:28 ,0,2,0,33
"哈瓦那大学校长米里亚姆·尼卡多·加西亚于访华第一天同#中国传媒大学# 签署了协议，以促进双方在新闻学、传播学、戏剧、影视剧、语言文学及管理等专业的教学和研究合作，以及师生交流，并参与互惠互利的研究项目。
在古巴大使馆临时代办马里奥·阿尔苏加雷的陪同下，校长受到了中国传媒大学校长张树庭的 ​ 展开c",古巴驻华大使馆,2023年08月01日 11:18 ,1,11,0,33
"人生不过三万天，
有多少朋友可以陪你走过十年？
我从未想过，
踏入@中国传媒大学 校门的那一天，
命运的齿轮就开始转动
有幸与大家分享
我与大学最好的几位朋友的十年故事
欢迎在评论区留下你关于友谊印象深刻的回忆
如果喜欢的话，欢迎转发与关注
中国传媒大学超话#中国传媒大学# ​ 展开c",_yEEEs_,2023年07月30日 15:30 ,1,19,0,34
#中国传媒大学# 结束喽#大帅哥# 2北京·中国传媒大学 ​,Mintchocy,2023年07月29日 00:48 ,13,8,0,34
#中国传媒大学#  #185大帅哥# 2北京·中国传媒大学 ​,Mintchocy,2023年07月27日 22:42 ,8,11,0,34
"容卿工作室2023部分成绩汇总
学生：韩昊阳；瓦扎拉薇@拉薇Vivian ；梁煜曦@文驀君 ；王禹婷@LIL__TING ；程一宸；谢瑞莹；李泽涵；文源岐；张镌凌；钱书瑶；李嘉欣；黄唯伊…等
#艺考##中国传媒大学##中戏##上海戏剧学院##浙江传媒学院##播音# 2北京 L容卿工作室的微博视频 ​",容卿工作室,2023年07月26日 22:13 ,2,8,0,34
"汉印超话#汉印和他的学霸朋友#
就读于名校的“歪果”同学的眼中，中国是个怎样的国家呢？
中传真的如传说中一样对身高长相的要求很严格吗？
今天的学霸朋友就来为大家揭秘这些“不解之谜”！
#清华大学##北京外国语大学##中国传媒大学##学霸# L汉印官方微博的微博视频 ​",汉印官方微博,2023年07月26日 16:44 ,11,15,0,34
"汉印超话#汉印和他的学霸朋友#
作为人生的第一任老师，很多孩子最早接受的教育就来自于父母的言传身教在这点上学霸们当然也不例外啦~

今天来看看学霸的父母对学霸本人都有什么样的影响
#清华大学##中国传媒大学##北京外国语大学# L汉印官方微博的微博视频 ​",汉印官方微博,2023年07月25日 15:37 ,11,15,0,34
在匆匆忙忙的夏日里结束了自己在这里的七年👋庆幸自己都记录下来了真好#中国传媒大学##中国传媒大学2023毕业典礼##中传##毕业# L一只小忙果呀的微博视频 ​,一只果果卷,2023年07月24日 14:37 ,12,17,0,35
中国传媒大学超话#中国传媒大学##录取通知书##晒录取通知书# 终于轮到我啦✌ ​,LO吕珪VE,2023年07月24日 13:45 ,21,39,0,35
"显眼包现以大轴登场
终于等到传了！！
火速通知方圆十里的生物
状元卷真的好好看
#中国传媒大学# #晒录取通知书# ​",生活探险家LE,2023年07月23日 17:41 ,1,8,0,35
"山河日月做贺礼，往来又是读书人。💫

向前走，莫回头！！！
#考研##录取通知书##中国传媒大学# 2北京 ​",非土豆不可,2023年07月23日 13:49 ,3,25,0,35
"啊！楼梯好滑
我爱西柚西
#录取通知书##中国传媒大学# ​",草莓魔法小精灵,2023年07月23日 13:44 ,1,5,0,35
"中国传媒大学超话
中传我来咯😻
#中国传媒大学##艺考生##双语播音# ​",Avianna_g,2023年07月20日 23:10 ,0,7,0,36
"汉印超话#汉印和他的学霸朋友#
🚫绝密🚫
清华学霸高考物理满分秘籍公开，晚点删‼

《学霸朋友》系列又双叒叕来咯！康康今天又突击捕获到了哪些高校的学霸朋友呢~
#中国传媒大学##清华大学# L汉印官方微博的微博视频 ​​​",汉印官方微博,2023年07月20日 17:32 ,13,15,0,36
"我是BerBer，Ber出不一样的烟火。
#来给毕业比个耶##毕业快乐##中国传媒大学# 2北京·中国传媒大学 LLiberrrrrrr的微博视频 ​",Liberrrrrrr,2023年07月18日 10:36 ,198,823,0,36
"【巅峰广艺2023中传录取战绩榜🥳】
恭喜 杨*宇 同学 中国传媒大学环境设计（光影空间艺术）已录取！🎉
恭喜 吕* 同学 中国传媒大学戏剧影视美术设计已录取！🎉
恭喜 张*宸 同学 中国传媒大学戏剧影视美术设计已录取！🎉
恭喜 李*康 同学 中国传媒大学戏剧影视美术设计已录取！🎉
恭喜 孙 ​ 展开c",北京巅峰广艺画室,2023年07月13日 10:15 ,0,2,0,37
#中国传媒大学# 【共商合作·共谋发展｜廖祥忠书记、张树庭校长一行赴新华社拜访傅华社长】在全党深入开展学习贯彻习近平新时代中国特色社会主义思想主题教育之际，中国传媒大学党委书记廖祥忠、校长张树庭一行于7月11日赴新华社拜访傅华社长，参观学习、沟通交流，并就新华社与中国传媒大学开展全面合 ​ 展开c,中国传媒大学,2023年07月13日 09:09 ,1,32,0,37
“我体验到这个世界如此像我，是友爱融洽的，觉得自己过去曾经是幸福的，现在仍然是幸福的”#写真##摄影##少女写真##中国传媒大学# ​,张珑璟,2023年07月12日 17:31 ,3,22,0,37
"🐱🐱🐱
音乐剧《想把我唱给您听》已经在小柯剧场上演一周，剧中感人的歌曲赚足了观众的眼泪与掌声，还没听到的朋友赶快来听吧！小柯老师的音乐功底可是不容置疑的哈～
#中戏##北京电影学院##音乐剧##中国传媒大学##首都师范大学# ​",猫咪文艺范儿,2023年07月09日 10:05 ,3,35,0,37
"欢迎申请中国传媒大学-艺术研究院-传媒艺术学硕士研究生。
《文化化人 艺术养心 | 2023年中国传媒大学艺术研究院全国优秀大学生夏令营招生简章》
链接：O文化化人 艺术养心 | 2023年中国传媒大学艺术研究院全国优秀大学生夏令营招生简章
#传媒艺术学##中国传媒大学# ​",中国传媒大学刘俊,2023年07月07日 00:00 ,1,10,0,37
"漫长的告别
生命里一部分魂器留在了北京
其中 最重要的还是人♥️

“真的愿我们每时每刻都在当下储存足够美好的记忆
去对抗人生不期而遇的苦楚
也愿我们能够在记忆中 有更多的美好
让我们平静从容地走向人生的终点

祝愿我们 一生平安”💐

#中国传媒大学##毕业快乐# 2北京·中国传媒大学 ​",-阿菲爱咖啡,2023年07月03日 14:56 ,1,7,0,38
"很久没发过这个定位了，此前设想过无数种回学校看望老师的场景，但一切都在最没有预料又最充满惊喜的情况下发生了📸
说来惭愧，这是我2018年毕业之后第一次回到中国传媒大学。之前总想等自己混得再好一点才有脸见老师，要让老师和同学们看到我比从前更好了，可当真的见到老师和同学的那一刻，我反而 ​ 展开c",安英伦Allen,2023年07月01日 21:28 ,1,10,0,38
"中国传媒大学超话
发现了学校附近一家很不错的餐吧！CUCer们快去打卡哇#不可辜负的美食##好好吃饭##中国传媒大学# ​",中国传媒大学微博协会,2023年06月29日 13:31 ,4,7,0,39
"2023年中国传媒大学第三十四届广院杯男足半决赛赛事总结：
战况：
K5：新闻队2:2（4:3）广告队
K6：信通队3:0教工队
总结：广告队开局落后，随后在上半场补时阶段打入反超进球，带着一球优势进入中场休息，距离平队史最好记录只差一步，新闻队则在下半场火速利用角球扳平比分，最终双方再无建树，点球 ​ 展开c",中国传媒大学广院杯,2023年06月27日 20:52 ,0,4,0,39
"【⛸️】
夏天是冰冰的🧊
#摄影##随手拍##滑冰##暑假##中国传媒大学# 2北京·国家速滑馆 ​",柯柯suguoi,2023年06月22日 22:49 ,7,13,0,39
"冯禧超话 #出门见禧# #向全世界安利冯禧##中国传媒大学#

半夏的纪念-集锦3 邹友开老师采访

@冯禧本禧 L秘密·花园的微博视频 ​",秘密·花园,2023年06月20日 09:21 ,0,19,0,40
"之前说要出Vlog
但是录了好久都没在大眼仔上发哈哈哈哈哈哈
演出前三个小时在考毛概
中国传媒大学21级表演期末汇报
6.16-6.18 19:00
6.17-6.18 14:00
记得来看哦
#中国传媒大学# 2北京·中国传媒大学 L黄亭羽-的微博视频 ​",超级无敌闲蛋黄,2023年06月16日 11:08 ,2,9,0,40
"打个卡，下排[爱心]
上次排练到这个点儿，还是艺考的时候。
希望今天的演出，一切顺利吧，加油～
大家辛苦啦！
#中国传媒大学#中国传媒大学超话#演员# 2北京·中国传媒大学 ​",应振南,2023年06月15日 02:30 ,1,13,0,40
"邓智伟超话
为大家送上新鲜速递📦

Cw昨晚出席中国传媒大学#粤上心头# 歌唱比赛作为评委以及特别表演嘉宾，为参加比赛的同学们打气实在太优秀啦

实名羡慕现场的小伙伴啦
没关系，我们也可以网上冲浪🏄🏻‍♀️嘿嘿～关注我们bb的高光时刻 ​ 展开c",邓智伟cw_garden官方歌迷会,2023年06月11日 17:49 ,16,51,0,41
"期待青年学者相聚，欢迎艺术领域青年学者联系学校、人事部门和后面的邮箱。
文章链接：O欢迎报名中国传媒大学第二届“金核桃”国际青年学者论坛
#中国传媒大学##金核桃# ​",中国传媒大学刘俊,2023年06月10日 20:27 ,4,12,0,41
#种地吧#紧急关注一下#中国传媒大学# 6点有直播，到现在我都还不晓得是个啥活动？先关注了。 ​,下一站心想事成,2023年06月08日 17:47 ,0,3,0,41
"“不积跬步，无以致千里”，在每天只需花费半小时的打卡活动中，知识在积少成多中慢慢增加和牢固，最终成为我们考研的底气
空了个格打鸣企划第二期👉O儿童节要不要一起来做点成年人的事？
准备好了吗，让我们一起出发吧！#24考研#中传考研超话中国传媒大学考研超话#中国传媒大学##中传# ​ 展开c",空了个格中传考研,2023年05月31日 10:58 ,0,4,0,42
"举孤者难行 众行者易趋
#中国传媒大学# LElaine孙雅琳的微博视频 ​",Elaine孙雅琳,2023年05月26日 18:54 ,4,29,0,42
"中传考研超话在上一期的“给你好刊”中，李师叔已经给我们详细解答了常见的期刊分类、如何选择期刊、期刊“黑名单”有哪些、如何分析论文内容等大家咨询较多的问题。
从这一期开始，我们会逐渐为大家介绍一些适合当前阶段发表的期刊，以及相应的选题与投稿建议。👉O给你好刊02｜看过来！这些期刊超好发！
本期内 ​ 展开c",空了个格中传考研,2023年05月25日 09:55 ,0,7,0,42
忍不住先发个工作vlog！5.20中国传媒大学国际教育学院的“传统文化进校园”活动圆满成功啦，特别开心能回国后居然能有契机继续策划文化类活动，做国际类文化输出。感谢承办方@夜不收历史重演 ，协办方@控弦司 提供的汉服试穿、轻吕学宫的夺旗斩将活动、六法精彩原创讲座，@花小花酱 小花酱绒花爱的初体 ​ 展开c,DC热心市民廖女士,2023年05月21日 17:27 ,4,15,0,42
"🌷5.21
祝我一直勇敢磊落 一直爱与被爱🌷要继续做一个善良开朗的女孩👧！#生日快乐##中国传媒大学##完美理想型# 2北京 ​",一只王彩虹,2023年05月21日 11:44 ,7,14,0,42
为什么学校广播站放的歌，总是更好听呢？#开拍吧新星##出圈吧大学生##中国传媒大学# L斯那央初的微博视频 ​,斯那央初,2023年05月18日 23:42 ,2,6,0,42
"【闪光灯之下】
中国传媒大学广告学院−23级视觉传达本科毕设《画地为牢》
#中国传媒大学##视觉传达##视觉传达设计##艺术展览# 2北京·中国传媒大学 ​",柯柯suguoi,2023年05月14日 00:40 ,9,15,0,42
"【近日碎片】
二次元狂喜日料店🍱 和店里的小浣熊🦝
自己吃饭或最多两人的自在🍚
换了新的熏香和日心说挂画🌏
#中国传媒大学##闪闪发光的同学##令人心动的日常##日常碎片plog##北京探店# 2北京·中国传媒大学 ​",柯柯suguoi,2023年05月11日 23:02 ,4,10,0,43
its blue 🩻#写真##中国传媒大学# 2北京·中国传媒大学 ​,小邓爱说话,2023年05月11日 20:30 ,2,5,0,43
"【巅峰名师说—动画刘庭呈校长】
中传北电文化课录取分数线讲解

#美术生##巅峰广艺#美术生超话画室超话绘画超话#动画##中国传媒大学#北京电影学院超话 L央美-王越的微博视频 ​",央美-王越,2023年05月10日 16:10 ,0,6,0,43
"双非一本 网络与新媒体专业👉中国传媒大学 新闻与传播专业（全媒体新闻实务方向）

看到自己材料分的第一反应很惊讶，感觉是努力和幸运的双重结果，我深知自己还需要更加努力才配得上自己的梦想！这里把自己的个人总结和心得体会放上来供今后考中传的uu们参考，希望对大家能有帮助！最后是幸运上岸啦 ​ 展开c",Cap霄,2023年05月08日 03:01 ,11,20,0,43
"【2023中国传媒大学2+2留学预备课程招生简章】

欢迎同学们报考中传出国预科项目！
报名请添加我们的官方公主号：尚东文化UESC
或客服老师vx：today-UESC进行详询！

#中国传媒大学##高考##留学# ​",尚东UESC,2023年05月06日 09:56 ,1,3,0,43
"中国传媒大学超话 《经典咏流传》主创团队来中传啦！
“万千经典 和诗以歌”🎶#中国传媒大学##经典咏流传##校园生活# 2北京·惠生园 ​",中国传媒大学微博协会,2023年04月29日 09:47 ,5,16,0,43
"中国传媒大学超话上周的国潮奇妙夜！[锦鲤附体]
“灯火长明 喜乐安宁”🏮#中国传媒大学##国潮##夜景# 2北京·中国传媒大学 ​",中国传媒大学微博协会,2023年04月27日 11:53 ,9,18,0,44
中国传媒大学超话大家有没有去看25周年重映版的《泰坦尼克号》呀！！再看一遍还是好震撼好感动…#泰坦尼克号内地重映定档##中国传媒大学##泰坦尼克号# 2北京·中国传媒大学 ​,中国传媒大学微博协会,2023年04月27日 08:39 ,6,24,0,44
中国传媒大学超话 记录上周！朗朗老师来中传啦～（并且真的成老师了喔#朗朗##中国传媒大学##钢琴# ​,中国传媒大学微博协会,2023年04月25日 20:12 ,8,19,0,44
中国传媒大学超话 特别特别喜欢CUC各种各样的市集～#中国传媒大学##市集##摆摊# ​,中国传媒大学微博协会,2023年04月25日 10:28 ,7,12,0,44
妈呀，看到自己的想法被做成现实的感觉真的好好啊！这次是真切地被CUC感动了。#中国传媒大学# 2北京·中国传媒大学图书馆 ​,hi机智,2023年04月22日 15:22 ,3,5,0,44
#校园博主# 上线了！「春天回广院」！时隔四年后，老陈在一个下午和大学老同学&论坛老网友梨子回到母校#中国传媒大学##北京广播学院# 走走看看，瞧瞧有啥新变化！本系列一共多集，正在更新！本集西门-明德楼（原网球场）-电视台（原视听中心）-核桃林-影视学院影棚（原小礼堂）-南门-西配楼-新闻学院 ​ 展开c,SendersChen,2023年04月12日 16:59 ,3,12,0,45
"【CUC博资考，又名文化大跃进】
上午3h 3道论述，字数3000➕范围31本书
下午3h 1本书评，字数3000➕范围25本书
晚上40min面试3道题，范围50本书……
不如去给评委组磕头，真有人想来吗
#中国传媒大学# 2北京·中国传媒大学图书馆 ​",柯柯suguoi,2023年04月10日 11:32 ,18,18,0,45
"本校传媒艺术学招收海外博士研究生（4年制）
Doctoral ​Degree Program Majoring in Media Arts at CUC
招生简章链接：O中国传媒大学2023年国际学生招生简章
#传媒艺术##传媒艺术学##中国传媒大学##留学生# ​",中国传媒大学刘俊,2023年04月01日 23:05 ,0,8,0,45
"#声音潮流季##第十四届大学生声音潮流季#中国传媒大学超话#中国传媒大学#
声潮晚会倒计时第7天｜ 配音演员锦鲤点评获奖作品
字节在宇宙中流转，声音被光波传递。“元宇宙”将时空重塑，为我们的故事提供了更多种可能。他们为科技作品重新填色，他们与虚拟人物促膝长谈。用自己的声音，描摹新时代 ​ 展开c",CUC广播台,2023年03月31日 22:01 ,1,6,0,45
"#赠票#
烛光音乐会：遇见春日浪漫💕

春风拂面，浪漫复苏🌷4月9日，云鼎乐团将在#中国传媒大学广告博物馆# 为大家带来一场充满氛围感的浪漫烛光音乐会✨

经过演奏家精心改编重新诠释，音乐得以跨越时间和空间与我们相遇、🎼当耳熟能详的经典影视作品的主题曲响起，不知你会联想到怎样的画面🎞 ​ 展开c",广院学实交流会,2023年03月31日 20:00,2,4,0,45
"#声音潮流季##第十四届大学生声音潮流季#中国传媒大学超话#中国传媒大学#
声潮晚会倒计时第8天 | 主视觉海报发布
声音博物馆寻觅、记录、陈列、收藏着永恒的声音
恰似日出，呈现金乌入碧空
亦或音乐，传播听觉的美学
四月七日 中传礼堂（1500报）
声音博物馆，邀您共赴视听盛宴
​ 展开c",CUC广播台,2023年03月30日 23:46 ,0,2,0,45
恭喜星耀学员李政庭考取中国传媒大学表演专业全国第18名的好成绩！艺考超话#表演艺考生##艺考生##艺考##中国传媒大学##2023届艺考生# 2北京·北京浩瀚星耀文化传媒有限公司 ​,浩瀚星耀艺术中心,2023年03月22日 13:04 ,7,11,0,45
21摄影摄像班的专业实训课，今天进行转播摄像技巧和节目制作流程演练，各个岗位、各个工种、分工合作、磨练技艺、培养习惯、实践理论，努力成为专业的摄像师。#祥视角##祥子影像##中国传媒大学# 2北京·中国传媒大学 ​,祥子影像,2023年03月16日 20:54 ,0,3,0,46
关于三脚架你真的了解吗？今天再次邀请图瑞斯创始人蒋勇为21级摄影摄像班的同学们分享三脚架的基础知识。从结构功能设计到阻尼动平衡操作，从使用技巧到镜头语言应用，专业实训课从最基本的操作开始#中国传媒大学##祥视角##祥子影像# ​,祥子影像,2023年03月09日 21:25 ,0,66,0,46
"传媒大学附近，自己整租找合租室友1人，无中介
房间①：次卧带阳台朝北，面积26平米，押一付三，2300/月
房间 ②： 单人间 6平米，1000/月
🍀位置：传媒大学地铁附近，小区门口就有公交站，地铁。
🍀厨房共用，使用方便。民用水电。无线网，水电网均摊。
🍀周边：日常生活所需周边都可满足，电影 ​ 展开c",好路巧,2023年03月07日 09:14 ,3,12,0,46
"成绩出来和提交材料时间往往距离都很近，因此，很多事情都要向前赶。这是在考研的各个时期，我反复强调的。
复试资料已经备好，大家可以重点看看科研设想的部分以及整个复试的流程。
只要跟去年分数线差不太多就可以准备材料了，虽然材料准备时间很短，但是只要夜以继日，是有可能准备出一份出色的材料 ​ 展开c",广院印象,2023年02月22日 11:09 ,0,2,0,46
很久之前就听说过一句话“你的大学老师很可能就是你能接触到的社会上最厉害的人”，现在我是狠狠的相信了。细数一下，我们中传的很多老师真的是低调又有实力，也教出了很多优秀的学生，原来大佬竟在我身边！你们学校也有这样的老师吗？#中国传媒大学# #闪闪发光的同学# L高君雨的微博视频 ​,高君雨,2023年02月08日 18:40 ,28,291,0,46
中国传媒大学超话很喜欢CUC的一些文创～比如这个草稿纸我刚拿到的时候就舍不得用…#中国传媒大学##文创##随手拍# ​,中国传媒大学微博协会,2023年02月04日 17:56 ,4,26,0,46
"中国传媒大学超话  CUC美食集锦（📍附地址！）放假在家的这些天也很想念学校的美食～#中国传媒大学##美食##校园生活# ​​​
来源：@中国传媒大学微博协会 2北京·中国传媒大学 ​",北京校园,2023年02月02日 17:58 ,2,3,0,46
中国传媒大学超话 🕰虽然已经一学期过去啦～当初刚来到这里时的那份欣喜与激动却依然记忆犹新🌟#中国传媒大学##开学季##大学生活# ​,中国传媒大学微博协会,2023年02月02日 08:58 ,4,22,0,47
中国传媒大学超话 收集了一些之前隔离餐的照片！我们真的有被传传照顾得很好#中国传媒大学##见过最实在的隔离餐##记录# ​,中国传媒大学微博协会,2023年01月31日 10:27 ,6,12,0,47
中国传媒大学超话 CUC的几个标志性地点📍非小白杨们知道哪些呢～#地标##中国传媒大学##校园##原相机拍照挑战# ​,中国传媒大学微博协会,2023年01月07日 19:13 ,5,30,0,47
中国传媒大学超话 “站在通往梆子井的天桥上望，夕阳真的很美。”🌇#夕阳##随手拍##风景##中国传媒大学# ​,中国传媒大学微博协会,2023年01月05日 17:26 ,10,19,0,47
"我和董丽娜聊了聊为什么我们如此感恩中传
#小常记者手记##中国传媒大学#
L常常常新宇的微博视频 ​",常常常新宇,2023-12-05 22:16 转赞人数超过10,2,27,0,23
来自四川彝族的 瓦扎拉薇@拉薇Vivian 高考以 四川省艺术统考播音与主持艺术专业全省第八； 中国传媒大学播音与主持艺术专业考试全国29名 ； 中国传媒大学中英双语播音全国26名，考入中国传媒大学。 “渔夫在出海前，并不知道鱼在哪里，可是他们还是选择了出发，因为他们相信会满载而归” #艺考# ​ 展开c,中戏北电的帅哥们,2023-11-29 23:41 转赞人数超过20,15,62,0,23
"【深夜plog🧩 】
忽然觉得2023就快结束转眼又是一年了？
#闪闪发光的同学##令人心动的日常##中国传媒大学# ​",柯柯suguoi,2023-11-28 11:34 转赞人数超过10,19,23,0,23
"齐越节主持小记✨
📝从去年的选手到今年的主持人
在后台见证了太多热泪盈眶 千千万万个我们爱着这个舞台 
·走好脚下路 生活会给你意想不到的惊喜
小小雨 漫漫撒中国传媒大学超话#齐越节##播音主持# #主持##青春# #舞台# #出圈吧大学生# #中国传媒大学# 2北京·中国传媒大学播音主持艺术学院 ​",魏小园儿,2023-11-22 11:10 转赞人数超过50,12,88,0,24
时间过得好快呀～🍂#中国传媒大学##vlog# 2北京·中国传媒大学 L刘乐瑶happy的微博视频 ​,刘乐瑶happy,2023-11-20 12:23 转赞人数超过80,37,153,0,24
"音乐剧《三星堆》公开课的惊喜嘉宾 @X玖少年团赵磊 与小白杨们现场交流分享，并且送上了他诚挚的祝福🥰希望小白杨们始终保持对艺术、对传统文化的热爱，继续探索未来的艺术之路⭐️

点击下方视频⬇️
快来和学小实一起接受#赵磊# 的祝福吧～

#中国传媒大学#赵磊超话#音乐剧三星堆##探秘三星堆# ​ 展开c",广院学实交流会,2023-11-19 22:11 转赞人数超过100,27,175,0,24
"20周年展演时，我大二，是在台上的表演者；
25周年展演时，我已毕业，是在台下的观众。
齐越节，是播音学子永远的盛典！
回来真好！舞台真好！
#齐越节##中国传媒大学##主持人# 2北京·中国传媒大学 ​",雪儿bling,2023-11-19 07:05 转赞人数超过200,61,499,0,24
"【11月🧩】
超级超级甜
#中国传媒大学##闪闪发光的同学##令人心动的日常##周末去哪儿##致自己# ​",柯柯suguoi,2023-11-17 21:56 转赞人数超过10,14,27,0,24
"👧#辣辣日常手帐# 
上课ing😀✌～#中国传媒大学#李嘉欣Josie超话🌟#李嘉欣Josie# 2北京·中国传媒大学 ​",李嘉欣Josie,2023-11-16 15:28 转赞人数超过10,18,26,0,24
"#中传着火##中国传媒大学#
p了 2北京·中国传媒大学 ​",svGar,2023-11-16 10:41 转赞人数超过1200,75,1341,0,25
🎃#中国传媒大学##halloween#中国传媒大学超话 2北京·中国传媒大学 ​,白日梦爱好者Bruce_,2023-11-01 13:56 转赞人数超过10,0,36,0,26
"【10月碎片🧩】
一些秋天温暖的证明
#一条plog告别十月##中国传媒大学##周末去哪儿##北京的秋天# ​",柯柯suguoi,2023-10-29 21:17 转赞人数超过10,16,22,0,26
"CUC风采之星1.0｜amazing night！
还见到了敬一丹老师和陈铭老师，拥有了🈶️播院字标的羽绒服好幸福的一天

#中国传媒大学##风采之星##敬一丹##陈铭# 2北京·中国传媒大学 ​",Mai的小世界,2023-10-27 17:47 转赞人数超过10,8,18,0,26
"此时此刻，生图直出，美好的季节，美好的校园。
#令人心动的日常##校园宝藏地#
#中国传媒大学# @中国传媒大学 2北京·中国传媒大学图书馆 ​",中国传媒大学刘俊,2023-10-25 23:38 转赞人数超过10,0,15,0,26
CUC‘s 🍁🍂🍂#中国传媒大学# 2北京·中国传媒大学 ​,Mai的小世界,2023-10-21 19:51 转赞人数超过10,11,56,0,27
"周日清晨开工，硕士博士生文献考试。
#中国传媒大学# @中国传媒大学 2北京·中国传媒大学立德楼 ​",中国传媒大学刘俊,2023-10-15 23:59 转赞人数超过30,2,35,0,27
"#北京Cosplay摄影棚# #毕设拍摄# #中国传媒大学#
今日影棚｜央美的同学来拍作业啦📸
今日份影棚
央美的小姐姐来拍作业啦
小姐姐从#中央美术学院# 骑车二十来分钟就到了
下周档期充裕 欢迎同学们私信预约～

‼️免费使用 神牛影室闪光灯 、丰富的灯具（附件）及摄影道具
‼️免费使用 超大空间的化 ​ 展开c",Animation研究社,2023-10-01 17:15 转赞人数超过10,0,0,0,28
"首次双语主持，收获满满
#北京国际设计周##中国传媒大学##播音主持##设计之夜#中国传媒大学超话 ​",军中娃-陈美君,2023-09-22 21:30 转赞人数超过10,7,30,0,28
我们要用觉知力和创造力打赢这场超越战#中国传媒大学# #开学# #开学典礼# #创造力# L中传周月亮的微博视频 ​,中传周月亮,2023-09-20 11:42 转赞人数超过40,16,94,0,29
中国传媒大学2023级新生开学典礼全程回放#中国传媒大学##中国传媒大学2023级新生开学典礼# L迷妹星闻的微博视频 ​,迷妹星闻,2023-09-17 14:58 转赞人数超过20,1,34,0,29
"毕业生姜某回学校了！
#中国传媒大学# 2北京·中国传媒大学 ​",XXPJ111,2023-09-17 12:17 转赞人数超过10,5,14,0,29
军训开始啦！#中国传媒大学# 2北京·中国传媒大学 ​,Mai的小世界,2023-09-16 18:15 转赞人数超过100,17,203,0,29
开学典礼～23表本 出发！🥰#中国传媒大学##中国传媒大学2023开学典礼##大一新生# 2北京·中国传媒大学 ​,累炖ldoon,2023-09-15 17:10 转赞人数超过100,12,128,0,29
"开学快乐～🥳
欢迎大家来中传！锅盔是真的真的真的好吃我爱星光食堂
#中国传媒大学# #开学季# ​",D了个yyyy,2023-09-14 22:52 转赞人数超过100,26,268,0,30
"明德湖畔🎙️
#中国传媒大学##播音主持# 2北京·中国传媒大学 ​",Mai的小世界,2023-09-13 20:11 转赞人数超过20,2,36,0,30
"上周迎新，今天开学典礼，又是生机勃勃的一届新生。突然想起，数月前的毕业典礼照片还没发，后面五张图，那时欢送了四位优秀的女生。
​一届一届，迎来送往，这可能形塑了高校老师基本的时间观、岁月观。
#中国传媒大学# @中国传媒大学 #传媒艺术学# 2北京·中国传媒大学 ​",中国传媒大学刘俊,2023-09-13 17:23 转赞人数超过50,4,63,0,30
"中传开学典礼｜同一个地方，再次启航✨

上一次站在400报的演讲台上，是两个月前，台下是19播本的同学们和家长们，我说，“祝大家永远做自己”；这一次，台下是23播本的弟弟妹妹，我怀着期盼和你们分享了大学生活的第一堂“不刻板”的党课。

上一次开学典礼，是四年前，变与不变都在此刻交织碰撞：我 ​ 展开c",彤七七呀_,2023-09-13 10:20 转赞人数超过10,15,55,0,30
"情况就是这么个情况
#中国传媒大学# 2北京·中国传媒大学 ​",你喜欢莎乐美嘛,2023-09-12 22:02 转赞人数超过10,7,35,0,30
"“今天，做幸福的中传人。”

#开学##中国传媒大学# 2北京·中国传媒大学 ​",伞中栖,2023-09-11 20:42 转赞人数超过20,9,53,0,30
中国传媒大学2023级广播电视编导专业新生合辑#中国传媒大学# ​,中戏北电的帅哥们,2023-09-11 18:59 转赞人数超过30,5,54,0,30
一转眼成中传播本大三老师姐了#中国传媒大学##玩转开学季# 2北京·中国传媒大学 LElaine孙雅琳的微博视频 ​,Elaine孙雅琳,2023-09-11 12:16 转赞人数超过20,4,37,0,31
"梦想的种子从南方飘到北方。扎根 生长。

#中国传媒大学##玩转开学季# 2北京·中国传媒大学 ​",张清河V,2023-09-11 09:51 转赞人数超过20,0,35,0,31
"中国传媒大学超话 祝老师们教师节快乐
祝愿大家都在这里成长为幸福的传媒人
#中国传媒大学# 2北京·中国传媒大学 L黄亭羽-的微博视频 ​",超级无敌闲蛋黄,2023-09-10 19:48 转赞人数超过10,7,35,0,31
"中国传媒大学超话
中传2023开学典礼 | 外国语言文化学院
上学期就开始拍的开学典礼视频 真的好荣幸被选上当演员这也是我第一次看成片 真的好感动呜呜呜
去年的开学典礼屏幕上还是我和外院的第一张合照
今年就成了宣传片里的主角 连续两年都在开学典礼的屏幕上看到自己 真的好幸运好幸运
新 ​ 展开c",胡桃迦迦迦迦子,2023-09-10 17:16 转赞人数超过30,7,51,0,31
中国传媒大学开学报道第一天！满眼的青春活力！祝大家大学生活开心快乐顺顺利利！#中国传媒大学##开学季# ​,中戏北电的帅哥们,2023-09-07 18:17 转赞人数超过600,75,1024,0,31
"快上🚢
#中国传媒大学##开学季# 2北京·中国传媒大学 ​",你喜欢莎乐美嘛,2023-09-07 13:12 转赞人数超过20,19,38,0,31
你一定要配得上这一路的颠沛流离#中国传媒大学# ​,S_李双,2023-09-05 11:25 转赞人数超过10,5,17,0,32
中国传媒大学超话 晚安啦，明天我这个小白杨要去报道啦#中国传媒大学# ​,把月亮偷偷给你,2023-09-02 06:48 转赞人数超过20,19,57,0,32
"开工
@中国传媒大学 #中国传媒大学# 2北京·中国传媒大学 ​",中国传媒大学刘俊,2023-09-01 12:50 转赞人数超过20,0,33,0,32
"很纯粹的开心
毫无杂念
#微博原创者计划##内蒙古##中国传媒大学# 2兴安 ​",Elaine孙雅琳,2023-08-15 19:44 转赞人数超过20,9,32,0,33
"【二食堂】
学校附近的东北菜是我的二食堂。我是说，一顿连一半都吃不完，需要打包二次加热的食堂
#中国传媒大学##我的美食日记##城市味蕾战##好好吃饭##为何东北菜量大# ​",柯柯suguoi,2023-08-03 21:59 转赞人数超过10,29,19,0,33
中国传媒大学23级播音与主持艺术专业（中朝、中韩双语播音主持方向）新生合辑#中国传媒大学# ​,中戏北电的帅哥们,2023-08-01 16:05 转赞人数超过70,11,152,0,33
"夏日来信 是结束也是开始
中传23播本王雨珊 未来4年请多多指教啦
#中国传媒大学# ​",脆脆鲨-722,2023-07-30 21:00 转赞人数超过50,15,165,0,33
"中传播本上岸啦🫶！我想：月亮奔我而来了。
#中国传媒大学##播音主持艺考##晒录取通知书# ​",葱葱翀_,2023-07-30 19:32 转赞人数超过100,56,499,0,33
"跨学科就怕半跨不跨的尴尬，哪边都不精。比如我的新闻算法跨法学&公共管理，感觉太过于宏大理论。跨神经科学，认知心理学的博论，又要避免探入不深
好比一记花里胡哨的扫堂腿，对敌方的伤害为0。为了掩饰尴尬，得再接一套花拳绣腿的地板动作。围观的人挺多，但是没输出还是不顶事儿😅 ​ 展开c",柯柯suguoi,2023-07-30 17:19 转赞人数超过10,14,26,0,34
终于收到录取通知书啦，前几天看到其他学校同学的开箱都很丰富，大家一起来看看中传的都有啥吧！#中国传媒大学# #闪闪发光的同学# L高君雨的微博视频 ​,高君雨,2023-07-30 12:19 转赞人数超过200,72,1836,0,34
"#中国传媒大学#中国传媒大学超话 通知书到啦～这一年来，摔了太多跟头磕破了太多次皮，也因为各种原因曾把自己贬低到体无完肤一文不值，但穿过风暴之眼，回过头，看到家人们欣慰、自豪的笑，我才发现：
我特别努力！我很优秀！我的家人以我为骄傲！！！ ​",张大膘zzz,2023-07-28 21:02 转赞人数超过50,22,105,0,34
"轻舟已过万重山🍃
梦校的录取通知书和双学位证书一起到啦～
#研究生录取通知书##中国传媒大学# @中国传媒大学 ​",将将然,2023-07-28 11:47 转赞人数超过70,6,112,0,34
"终于来到CUC🥰
五天夏令营结束啦！学到很多专业知识，小课老师好美好美啊啊啊
非常宝贵的一次机会，更高处见吧中传！
#闪闪发光的同学##中国传媒大学# ​​​ 2北京·中国传媒大学 ​",我叫毕和和,2023-07-24 11:05 转赞人数超过700,66,1722,0,35
下一站#中国传媒大学##高考上岸锦鲤##晒录取通知书# ​,D了个yyyy,2023-07-23 02:32 转赞人数超过100,43,687,0,35
中国传媒大学文编2023新生合辑#中国传媒大学#艺考超话#艺考# ​,中戏北电的帅哥们,2023-07-22 21:04 转赞人数超过90,49,167,0,35
"又回母校当杨老师啦🧑‍🏫
2023中国传媒大学双语主播夏令营💗
同学们棒👍🏻年轻真好👏🏻
感谢老师 感恩母校
个位数的饭菜真香呀哈哈哈
杨若天TIAN超话#中国传媒大学# ​",杨若天TIAN,2023-07-22 16:06 转赞人数超过2600,189,3539,0,36
"中国传媒大学超话#中国传媒大学#
阿巴阿巴，我考上了我的梦校I'm coming有没有国本的啊1+3的，快来认识一下😎 ​",把月亮偷偷给你,2023-07-22 08:36 转赞人数超过50,58,174,0,36
"「大一•启」
这一年收获了许多tag：大一新生 播音生 双播生
选手 主持人 志愿者 演员播报员引导员每一个
角色都是最好的我自己 谨以此片 记录我的大一
生活🥳中国传媒大学超话#中国传媒大学##播音主持##双语播音##大学生活#中国传媒大学超话中国传媒大学超话 2北京·中国传媒大学 ​ 展开c",胡桃迦迦迦迦子,2023-07-19 19:50 转赞人数超过10,1,59,0,36
"一年内拍到27个一线明星，我是怎么做到的？📸

大家好，我是旁白摄影艺考的创始人，百威！
在不带艺考的那半年，我也是明星摄影师。

我始终觉得当你真正有行业里的各个摄影门类的从业机会的时候，有很强的实践能力和资源的时候，反而能带给学生更多的动力和考试的的时候去努力的方向！学生都叫我卷 ​ 展开c",Amorill,2023-07-18 14:15 转赞人数超过50,12,641,0,36
#中国传媒大学#  L刘乐瑶happy的微博视频 ​,刘乐瑶happy,2023-07-13 16:19 转赞人数超过100,129,729,0,36
"中传上岸！！！
#中国传媒大学##高考录取# 2北京·中国传媒大学 ​",李泽康kk,2023-07-13 12:56 转赞人数超过30,23,80,0,36
"于是跃入人海 各有风雨灿烂
#中国传媒大学##播音生##毕业季##毕业快乐# ​",高子涵Morii,2023-07-13 10:42 转赞人数超过90,15,129,0,36
"不去回顾，这三年于我就是反反复复，每日记忆、刷题，看日升月落，偶尔记录，翻开网盘去回想，那些重复的画面里是不重复的成长。要去奔赴下一个岸啦！❤

#考研上岸##中国传媒大学#中传考研超话#考研# L张景涵_的微博视频 ​",张景涵_,2023-07-10 22:09 转赞人数超过200,51,799,0,37
很久没回学校，这次回去把东西都打包寄走了，终于知道大学四年的钱都花在哪了。之后还要回中传继续读研，那我们就开学见啦！#中国传媒大学# #闪闪发光的同学# L高君雨的微博视频 ​,高君雨,2023-07-09 19:12 转赞人数超过200,38,893,0,37
"中国传媒大学超话
马上下班💼
争取少发酒疯💭🍻#中国传媒大学# 2北京·中国传媒大学 ​",白日梦爱好者Bruce_,2023-07-07 10:44 转赞人数超过10,5,19,0,37
"百威聊艺考 ｜ 第二期：艺考改革之后
《不会有大量美术生涌入摄影艺考赛道》

上一期我们讲到2024年是或许是中传北电最好艺考拿证的一年。然后也有很多人在问我为什么编导艺考取消之后，虽然编导生他们不会来考摄影，但是美术生为什么也不会来考呢？？摄影归入美术之后岂不是也有美术生来顺便考考摄影 ​ 展开c",Amorill,2023-07-05 20:19 转赞人数超过10,5,24,0,37
最近在网上刷到了很多中传毕业典礼的视频和照片，我真的很遗憾，最后没能参加毕业典礼。明明都到学校了，但因为身体实在不舒服，最后还是没去成。#中国传媒大学# #闪闪发光的同学# L高君雨的微博视频 ​,高君雨,2023-07-05 11:27 转赞人数超过200,35,614,0,38
"祝贺2023届本专业中国传媒大学传媒艺术学博士、硕士毕业
《2023届传媒艺术学硕博毕业季：青春恰时来，一跃入人海》文章链接：O2023届传媒艺术学硕博毕业季：青春恰时来，一跃入人海
#传媒艺术学##中国传媒大学# @中国传媒大学 2北京·中国传媒大学 ​",中国传媒大学刘俊,2023-07-04 02:19 转赞人数超过10,9,23,0,38
"18-29岁，在这小破院子待了七年

大一拿了广院冷笑话比赛冠军（最后一届）
大二拿了面包创意大赛二等奖
大三拿了迷笛音乐节优秀志愿者
大四跑去上海，工作了4年
研一从上海跑回来
研二每天训练
研三每天吃

对一个本科早八起不来，上课就睡觉，天天看演出，晚归签假名，剃光头纹身，弹吉他写歌， ​ 展开c",烤瓜师傅黄小岛,2023-07-02 17:26 转赞人数超过20,8,42,0,38
"攒人品啦！！
不论是烟火缭绕的雍和宫，还是带手串，敲电子木鱼，这些似乎越来越成为年轻人崇尚的解压方式。有人认为年轻人把希望寄托在神明身上，但其实我们非常清楚，现实生活中的困境终归要在现实生活中解决，我们更想在为学业、事业焦虑之时从中找到一份精神寄托，获得直 ​ 展开c",空了个格中传考研,2023-07-02 15:48 转赞人数超过100,252,154,0,38
"在埃及最隆重的节日—古尔邦节的这一天，我终于毕业了！双喜临门[爆竹][爆竹]感谢自己，感谢所有帮助过我的人[爱心]再见中传，毕业快乐
#毕业季##中国传媒大学# @中国传媒大学 2北京·中国传媒大学 ​",埃及法老刘正曦,2023-07-02 15:45 转赞人数超过100,39,158,0,38
感谢廖书记和张校长为我的研究生旅途画上圆满句号，感谢一路走来陪伴的每一个人。@中国传媒大学 #中国传媒大学##毕业典礼##大学##拨穗# 2北京 L董丽娜的声音世界的微博视频 ​,董丽娜的声音世界,2023-07-01 14:12 转赞人数超过30,4,106,0,38
"🐱🐱🐱
重磅！徐均朔领衔音乐剧《南墙计划》将于下周登陆保利剧院。
《南墙计划》讲述了要求儿子继承曲艺衣钵的父亲和坚持自己音乐梦想的儿子之间的故事。将亲子关系与时代文化命题一并杂糅，父子争执的背后是传统与先锋的对冲，更是代际之间不同的坚守。
一场关于“传统”与“传承”的反思与辩 ​ 展开c",猫咪文艺范儿,2023-06-30 23:21 转赞人数超过50,1,65,0,39
这学期杀青🎉#校园生活#中国传媒大学超话#播音主持##中国传媒大学# 2北京·中国传媒大学 ​,张珑璟,2023-06-30 23:11 转赞人数超过10,2,29,0,39
"中传👉北大
那么就是续上了考研超话#北京大学##中国传媒大学##录取通知书# 2北京·中国传媒大学 ​",旭山纪,2023-06-30 17:17 转赞人数超过100,20,267,0,39
"【普通的泪失禁一天】
舍友博导是🚢的研究生院院长，被任老师的寄语感动到：
心有向 行可往
心若适 行从容
#中国传媒大学##毕业季# ​",柯柯suguoi,2023-06-29 22:56 转赞人数超过10,3,25,0,39
#中传首位视障毕业生致辞# 6月28日北京，“愿我们心中有祖国河山社会大任”，全国首位视障播音硕士毕业发言，书记一路护送到典礼台。#校园青春不打烊# #中国传媒大学# L校园咨询君的微博视频 ​,校园咨询君,2023-06-29 12:20 转赞人数超过70,9,97,0,39
"有点适应忙碌
还能顺带快乐一会
#期末周##中国传媒大学# ​",Elaine孙雅琳,2023-06-21 22:18 转赞人数超过20,5,40,0,39
"联创海报和staff表完结喽！明天来看我们的片！传媒1500报和各个平台都会直播嘞！
#中国传媒大学#

感恩我的组员啊啊啊 ​​​ 2北京·中国传媒大学 ​",喝熬夹,2023-06-18 16:02 转赞人数超过30,5,53,0,40
"前几天在中传当了个评委及特别嘉宾，为同学们打打气✊🏻，希望我下一次去是可以入读。。。

#中国传媒大学##继续生命影响生命##邓智伟作品# 2北京·中国传媒大学 ​",邓智伟,2023-06-15 17:04 转赞人数超过100,29,187,0,40
语音发声✅ #中国传媒大学# ​,没有冰o3o,2023-06-15 12:05 转赞人数超过100,19,348,0,40
"期末周忙死了呜呜
#中国传媒大学# 2北京·中国传媒大学 LElaine孙雅琳的微博视频 ​",Elaine孙雅琳,2023-06-13 20:22 转赞人数超过10,4,102,0,40
#中国传媒大学# 嘿嘿嘿…… ​,李家旭旭旭旭,2023-06-08 21:28 转赞人数超过10,10,34,0,41
主持人是冯禧#种地吧##中国传媒大学# ​,花溪拉少,2023-06-08 20:16 转赞人数超过10,6,28,0,41
"疯狂见明星的一天～
#中国传媒大学##与人民同行# 2北京·东亿天弘TV演播大厅 LElaine孙雅琳的微博视频 ​",Elaine孙雅琳,2023-06-07 08:46 转赞人数超过100,7,250,0,41
"毕业红毯
时间很紧妈妈觉得选的裙子不够满意
她说希望我每一步都不留遗憾 我就是妈宝女！
磨蹭大王得亏平来了帮我搞造型嘿嘿
和大家的合照待我细细修图再发
#毕业红毯##中国传媒大学##中国传媒大学信息与通信工程学院毕业晚会# ​",_啵啵公主,2023-06-04 01:11 转赞人数超过40,8,65,0,41
#中国传媒大学# 【中国传媒大学2023年度第三批公开招聘公告】 O中国传媒大学2023年度第三批公开招聘公告 ​,中国传媒大学,2023-06-03 20:27 转赞人数超过20,1,56,0,41
"“一致同意通过答辩，建议授予硕士学位。”
#毕业季##中国传媒大学#
#毕业论文答辩结束后的心情#
L常常常新宇的微博视频 2北京·中国传媒大学 ​",常常常新宇,2023-05-28 15:56 转赞人数超过40,15,77,0,42
大家都在偶遇王冰冰，可惜我不在学校啊啊啊啊啊！#中国传媒大学# #闪闪发光的同学# L高君雨的微博视频 ​,高君雨,2023-05-24 19:20 转赞人数超过80,13,166,0,42
"今日运动会🥉
#中国传媒大学# 2北京·中国传媒大学 ​",Elaine孙雅琳,2023-05-23 16:52 转赞人数超过2400,180,3317,0,42
"cv倒霉死勒超话#艺海佳音x中传echo配音社交流会# 梅梅配音经历之甲方乙方

阶段一
梅梅：小白的时候，自己脑子里对如何处理角色声音是不会有所设想的，甲方要什么给什么！

阶段二
我觉得我对戏的掌控能力还不错呀，我会有各种想法了。有时候去外面录音的时候，
甲方：你这儿应该来个这样的 ​ 展开c",中传ECHO配音社官方,2023-05-07 20:50 转赞人数超过100,43,166,0,43
"节前结束了前8周，每天都箭在弦上，中午很少有时间吃饭，周末很少有时间在家，每天也没有所谓正常上下班。每天常是七八个线头并进。
令人最舒心和尽全力的，终究还是那些课堂和纯真的笑容，以及与学生学科有关的事宜，例如4门本硕课程、招生与毕业，等等。君子务本，本立而道生。
#中国传媒大学# ​",中国传媒大学刘俊,2023-05-03 23:43 转赞人数超过10,10,36,0,43
中传ECHO配音社 X 艺海佳音交流会成功举办！感谢@艺海佳音_齐杰 、@陆揆--用心体验 、@倒霉死勒 、@配音演员_杜炎喆 四位老师与同学们分享了关于配音的专业知识、从业经验和配音心得，相信同学们一定收获满满～一起来回顾现场的精彩瞬间吧！#中国传媒大学##艺海佳音#配音齐杰超话配音陆揆超话 ​ 展开c,中传ECHO配音社官方,2023-04-29 15:04 转赞人数超过200,55,302,0,43
最近中传可真是太热闹了，又是免费看电影，又是免费大师课的，还有那么多活动，可惜偏偏我不在学校啊！话说，大家真的不考虑报考中传吗？#中国传媒大学# #闪闪发光的同学# L高君雨的微博视频 ​,高君雨,2023-04-27 09:31 转赞人数超过40,15,97,0,44
#中国传媒大学# 首位盲人研究生#董丽娜# ：“命运虽然给了我一双看不见明天的眼睛，但是它并没有给我一个看不见明天的未来！” ​,天空菌,2023-04-25 11:35 转赞人数超过100,12,116,0,44
"#开拍吧新星##中国传媒大学#
在中国传媒大学怎么拍小姐姐的敦煌变装？➡️ L斯那央初的微博视频 ​",斯那央初,2023-04-21 12:52 转赞人数超过10,6,17,0,44
去下面拍了一圈，这才是大学的氛围，年轻真好#中国传媒大学# L王小愚儿的微博视频 ​,王小愚儿,2023-04-20 12:36 转赞人数超过80,11,94,0,44
#中传考研# #中国传媒大学# 给大家留个作业：观看此视频，解释视频中所标注的音高符号的内涵。（如“B#5”中的字母、数字分别代表什么，以及日常所说的“四组”“五组”都代表什么。）（这是训练学习习惯非常好的方法。）O胡夏、林子祥《那些年(Live)》音高测量：你的那些年错过了多少呢，你还想错过吗？ ​,李家旭旭旭旭,2023-03-28 15:55 转赞人数超过10,4,21,0,45
"有笑有泪的一个晚上，谢谢热情的中国传媒大学同学们，感恩🤍

#继续生命影响生命##herethereeverywhere##邓智伟作品##dengzhiwei##中国传媒大学# 2北京·中国传媒大学 ​",邓智伟,2023-03-18 16:17 转赞人数超过100,26,126,0,45
"火箭少女101超话 🍯#张紫宁0309生日快乐#

【23.03.05 @张紫宁ZINING 相关采访更新
“女idol不能是学霸吗？偶像不能择偶，可以谈择偶观呀#张紫宁##女性智慧##中国传媒大学#”】 L炒人的麻將桌的微博视频 ​",炒人的麻將桌,2023-03-05 11:42 转赞人数超过20,0,34,0,46
"因为疫情带来了好多遗憾
我没有回到学校和朋友们一起拍毕业照 没有实现期待已久的毕业旅行 没有和我的老师们说再见
希望今年回北京可以再到CUC看看48教的海棠💐
中国传媒大学超话@中国传媒大学 #中国传媒大学# L_无敌小韩的微博视频 ​",_无敌小韩,2023-03-03 08:28 转赞人数超过10,3,14,0,46
"中传艺考线下三试来啦！
进入校园一起围观时隔三年的线下艺考吧~
祝各位23艺考生们金榜题名呀
#中国传媒大学# LHoveric的微博视频 ​",Hoveric,2023-02-24 13:14 转赞人数超过10,2,31,0,46
"十八秒回忆我的2022
#中国传媒大学##2022你最大的变化是什么##给2023捎个话# LElaine孙雅琳的微博视频 ​",Elaine孙雅琳,2022年12月31日 22:31 ,4,35,0,47
希望2023每个考试都能过过过～#考试季#杨幂超话#深圳大学##中国传媒大学##广东播音统考# 跨年go哈哈哈哈哈嘿嘿嘻嘻呕呕每个人都要开开心心 平平安安！！一切顺利，别再🐑咯 ​,妮妮_面薯麦堡,2022年12月31日 20:43 ,0,9,0,47
"#出走#
出走·070 - 金鸡奖得主 @李淼1127 ：曾经望海的人，正在成为大海🌊

从 #我不是药神# 时第一次入围 #金鸡奖# 提名，到凭借 #独行月球# 获得金鸡奖“最佳美术”，中间是在艺术之海上三年的航行，一千多日夜在习惯幕后工作的李淼来看，是积淀、坚定和细水长流⏱️流水不争先，争的是滔滔不绝， ​ 展开c",广院学实交流会,2022年12月27日 20:46,3,2,0,47
"#艺考##中国传媒大学##绿色通道# 中国传媒大学 绿色通道播音A表演B
耶耶耶耶
整装行囊 继续出发～ L王瑞萱萱的微博视频 ​",王瑞萱萱,2022年12月26日 16:40 ,56,378,0,47
"有收获 有遗憾 有思考 有实践
中传21高职摄影摄像班专业实训课程今天结课，同学们分组汇报各自的创作成果学习心得。理论学习与拍摄实践互补，个人练习与小组协作结合，每页ppt都值得品读，每部短片都可圈可点。受疫情影响，有限的几次线下课体会了专业导播，近期的线上课又实践了线上访谈制作。所幸同 ​ 展开c",祥子影像,2022年12月23日 22:32 ,0,5,0,47
"最近收到三本书📖

P1-6有幸参与福建省传播学会年会论坛，从老师和同学们的发言中学到很多前沿的思考，有种重回本科课堂的感觉，感谢论文能够入选论文集。
P7,近日收到福师大今年的开学迎新刊物《青年广场》，里面我给新生的留言也当做勉励自己吧；P8，收到初中学校新出版的校本读物，里面收录了自己 ​ 展开c",Gloria-Ming,2022年12月20日 23:01,9,27,0,47
"毕拍河3
好想回老区看看河南大学超话#河南大学##中国传媒大学##记录生活# 2开封·河南大学明伦校区-河南大学大礼堂 ​",维罗尼卡的花语,2022年12月16日 20:19 ,3,2,0,48
之前那期毕业小片发布后，很多粉丝宝宝就说很喜欢我说英语，那今天这期我就全程说英语，不看字幕，你能听懂几句呢？#英语学习# #中国传媒大学# L高君雨的微博视频 ​,高君雨,2022年12月16日 19:14 ,37,306,0,48
今天给你们分享一下我最近做的一件大事，那就是我给中传的宣传片配音啦！虽然大家看到的成片只有三分钟，但实际上可是花了20多天才完成的。视频里详细介绍了中传的招考规则，想报考中传的学弟学妹要仔细看哦！#中国传媒大学# #闪闪发光的同学# L高君雨的微博视频 ​,高君雨,2022年12月13日 18:53 ,35,266,0,48
怀念一些秋天的校园#校园##我的校园日常##中国传媒大学##播音生# 2北京·中国传媒大学 ​,张珑璟,2022年12月09日 22:16 ,1,10,0,48
"齐越节✅｜去年是幕后 今年是台前
分享一些齐越节参与的碎片🧩#日常碎片##闪闪发光的同学##播音生##中国传媒大学##日常碎片分享# 2北京·中国传媒大学 ​",张珑璟,2022年12月04日 17:41 ,2,13,0,48
大家早安呀！又到周末啦！用活力慢慢的早晨开启新的一天叭！#中国传媒大学##周六##周六快乐#中国传媒大学超话 ​,中国传媒大学微博协会,2022年12月03日 08:45 ,8,14,0,48
离校第一天嗯嗯不是很想念#中国传媒大学# L小黄84033的微博视频 ​,小黄84033,2022年11月28日 19:36 ,2,1,0,48
嘿嘿嘿嘿我就是每个平台都要发一遍#中国传媒大学# ​,他说不问钎里__,2022年11月27日 15:01 ,7,7,0,48
"还有20多天，23的考研儿们即将走进考场，在最后的备考阶段里，半夏会一直陪伴大家！
通过研究近两年的考题，我们发现，哲学目前主要以考察选择题、名词解释和简答题为主。选择题主要考察的是大家对概念的熟悉程度，而名词解释和简答题在判分时则需要根据采分点给分，因此就需要大家按照采分点来进行作 ​ 展开c",中传考研解读,2022年11月26日 22:54 ,8,9,0,48
"#读书节#
脚步丈量不到的地方，文字可以。我们一起从定式中脱离，来「塑乐园」读书节参加盛大的party💐
「读了个读」21天阅读打卡计划正式上线！在这里，有纸间的字斟句酌、思想的奇妙碰撞🗯️ 在众多「游客」中，谁会坚持最久、收获最多呢？我们将「乐园币」赋予每一个阅读者，最终更有「神秘奖 ​ 展开c",广院学实交流会,2022年11月26日 21:50,7,9,0,48
参加声音类比赛要注意哪些细节，你了解吗？千万别让这些细节拉低了你的作品哦！#中国传媒大学##大学生声音潮流季##评委##播音主持##配音##丁文山##陪伴我们长大的声音# L丁文山的微博视频 ​,丁文山,2022年11月15日 12:26 ,2,10,0,49
"下午学院的论坛，横跨艺术学、美学、人类学、文化学、传播学、科技发展、质化研究的议题，很朗阔。
中间，在“点评”两位发言者的间隙，顺利插空在另一个期刊论坛仓促发言，随后听了一段海龙老师@刘海龙 的发言。
#中国传媒大学##艺术学##新闻传播学# ​",中国传媒大学刘俊,2022年11月12日 21:20 ,3,29,0,49
中国传媒大学超话 📣快来看看CUC最佳人气单品——鸡蛋仔吧！颜值高还超好吃~#美食##鸡蛋仔##中国传媒大学##日常碎片plog# ​,中国传媒大学微博协会,2022年11月12日 10:43 ,5,11,0,49
"中国传媒大学超话 虽然冬已至 但我真的——
“好喜欢你，中传的秋。”🍂🍁#一条微博留住秋天##随手拍##中国传媒大学# ​",中国传媒大学微博协会,2022年11月10日 08:57 ,5,18,0,49
"【北京#朝阳区发现1名初筛阳性人员#】9月9日16：10分，朝阳区发现1名新冠肺炎初筛阳性人员，为中国传媒大学在校学生。朝阳区已第一时间启动应急响应，采取流调排查、管控和核酸检测等措施。下一步将根据流调最新情况及时进行通报。#北京朝阳通报1例初筛阳性#

在此提醒广大市民，积极响应全市就地过节 ​ 展开c",北京青年报,2022-09-09 20:36 转赞人数超过20,7,23,0,49
核桃林与柳树下，梧桐树与钢琴湖，开学第一课#中国传媒大学##祥视角##祥子影像# 2北京 ​,祥子影像,2020年09月09日 22:26 ,1,2,0,49
"如何选专业
社会语录精选#播音主持艺考##艺考##中国传媒大学##播音主持艺考##编导##表演# 2北京·艺水芳园 ​",播音酱-,2020年09月09日 15:06 ,0,2,0,50
"#中国传媒大学# #考研# #数字媒体艺术#

读完文学史，发现很多文学家的作品之所以千古流传，有一个原因是他们都受到了不公正待遇，并且他们利用手里的笔，借助各种艺术形态，把这种不平抒发了出来。

这大概就是“不平则鸣”的创作吧。

虽然文学史上也有贵族文学，但还是更喜欢那种历经沧桑而抒发的 ​ 展开c",广院印象,2020年09月08日 15:27 ,0,0,0,50
#艺考##中国传媒大学# 今天圆梦为大家介绍一位爱打游戏的优秀学员——田雨阳。在今年艺考中，圆梦学员田雨阳获得了中传艺术与科技（数字娱乐方向）全国第三名，高考文化课540分，如今已被中国传媒大学录取。 ​,武汉圆梦中传,2020年09月08日 08:16 ,1,1,0,50
"#中国传媒大学##开学第一天#
❤️好久不见呀，亲爱的宿舍
🌟新的一个学期
从“收拾宿舍”开始
旷别了八个月的宿舍
也发生了一些惊人的变化
让我们一起来看看吧～
O开学季丨好久不见呀，亲爱的宿舍 ​",中国传媒大学学生会,2020年09月07日 22:30 ,1,2,0,50
文艺不过传媒#中国传媒大学# ，京城竟然有这么安静美好的地方可以呆一整天，这个馆给100分，下次来可以考虑捐2本书。 2北京 ​,Running-cat,2020年09月07日 18:40 ,1,0,0,50
"中国传媒大学专业二大变革，勤思来帮你明确大纲思路
2021年中国传媒大学《材料论说文的写作》
价格：199元
课时：3课时 （1课时45分钟）
讲义资料：电子， 报名下载
从考查形式解读、写作框架、文字表达到案例分析，帮助大家
【汉语国际教育基础】的考试大纲今年变动很大，由20年的填空题、判断题、选 ​ 展开c",对外汉语教学-爱汉语,2020年09月07日 17:54 ,0,4,0,50
#播音艺考# 是不是有地方口音就学不好#播音主持# ？答案是否定的。就连母语不是中文的#外国留学生# ，普通话都如此标准，证明只要经过专业地训练，发声是可以改变的！只有想不到没有做不到的事情！#加油艺考生##中国传媒大学# L北京星干线艺考教育的微博视频 2北京·北京星干线艺术学校 ​,北京星干线艺考,2020年09月07日 16:03 ,1,0,0,50
"#中国传媒大学#考研超话#中传考研#

要给大家变着法的找到学习的内容和学习的感觉，实属不易。

大变革要有大智慧～

加油，9月

长期班，也继续欢迎大家加入。我们现在正在针对新大纲有针对性的学习～ ​",广院印象,2020年09月07日 11:47 ,0,2,0,50
"疯狂忙碌工作的四个月后
开学前江南之旅快乐告终
经过美景的洗涤心灵感受到平和与愉悦
新学期要加油鸭
#大学什么时候开学##中国传媒大学#9. 13 2苏州·金鸡湖 ​",洪DONGDONG,2020年09月06日 21:21 ,2,3,0,50
"可爱美丽大方！耶✌#中国传媒大学#
小露萁让给录视频，我演示给璐璐看了一遍，结果这货还是因为买东西给我忘了！ ​",快乐小神仙Lin,04月19日 23:47 ,0,2,0,6
"灵感环岛 | 怀揣白杨情怀，唱响青春旋律🎵

「灵感环岛」原创歌曲《传声不息》🧩

走过山川，河流，与沙漠；有过欢笑，泪水，与希望。我们跨越时间与距离，回到原点，共同唱起这段旋律✨️…

来源:音乐与录音艺术学院
节目导演:丁君君 陈怡雯 李楠
作曲:吴思彤 孟凡哲 冯伊承
作词:吴思彤 孟凡哲 ​ 展开c",中国传媒大学学生会,04月19日 20:25 ,0,2,0,6
｜专业咨询｜游戏创作与电竞策划｜是否三站换中传相关专业，学姐给出广电和游戏方向的专业难度及匹配度建议，以及如果真的要考初试的准备强度，边工作边考研还是得好好想一下再做决定，加油👏#中国传媒大学##中传# ​,中传A梦学姐,04月19日 18:14,0,0,0,6
"🐱🐱🐱
El Peso del Azucar (The Weight of Sugar)
Anton Bou
#猫咪星球##遇见艺术##中国传媒大学##首都师范大学# ​",猫咪星球北京分球,04月19日 12:40 ,0,0,0,6
#中国传媒大学# 偏是花打雨。 2北京·中国传媒大学 ​,林嵩Forrest,04月18日 15:22 ,1,1,0,6
传媒大学播音学院的学生来城市副中心探访副马最美赛道了！ 最美人间四月天，尽在通州运河边，马拉松起跑区的这三处景点是春日踏青的绝美去处，赶紧收藏起来吧！ #中国传媒大学##运河上的通州##马拉松##赛道# （中国传媒大学：吴彦宇）@北京通州发布 @中国传媒大学 L文旅通州的微博视频 ​,文旅通州,04月18日 11:04 ,1,4,0,6
"北京交通大学国际本科 SQAq3+1 学生收获

北交大SQA3+1 2025年第22届招生
特色专业：物流与供应链管理
学费： 7W/年
第一年在北交通唐山校区，第二、三年在北交通北京主校区

2025年秋季入学已开始报名，欢迎报名预约校测，为高考兜底 ～～～高考超话#高考##高考失利应不应该选择复读# ​ 展开c",applecugb,04月18日 10:05 ,3,1,0,6
中国传媒大学自考本科卡学位证是真的吗？#自考报名[话题]##自考本科##中国传媒大学# L启小航v的微博视频 ​,启小航v,04月17日 10:40 ,0,3,0,6
｜专业咨询｜音乐产业｜学姐给出详细的专业匹配度建议和分析之后，材料部分的重点部分也了解清楚了，就可以考虑一下是否报考，加油👏#中国传媒大学##中传# ​,中传A梦学姐,04月16日 22:47,0,0,0,6
"#中国传媒大学# 我的评分：
中国传媒大学超话 求助：请问中国传媒大学靠谱的助学点有哪个！ ​",小臾,04月16日 15:16 ,2,2,0,6
96年阿姨老板OOTD#美女##大长腿##中国传媒大学# ​,黄腔bo,04月12日 01:48 ,0,1,0,8
｜专业咨询｜27考研｜传媒经济学｜近两年这个方向的上岸难度在增加，了解清楚匹配度之后再谨慎考虑，大二的确还有准备的时间，学姐给出很多建议之后了解清楚了再好好加油！#中国传媒大学##中传考研# ​,中传A梦学姐,04月11日 16:20,0,0,0,8
"中国传媒大学2025年影视表演校考完整合格名单
#表演艺考##表演艺考生##艺考##中传艺考##中国传媒大学# 表演艺考生超话 ​",表演艺考表叔,04月11日 11:20 ,0,3,0,8
"经验贴 | 二战上岸广告学·Per Aspera Ad Astra
有经验~有好运~👉O网页链接
还有一大波经验贴在路上啦~
考研超话中国传媒大学考研超话#中国传媒大学##中传考研#中传考研超话#26考研#CUC中传考研超话#考研# ​",空了个格中传考研,04月11日 10:45 ,1,1,0,8
"【“灵感环岛”原创节丨灵感筑梦，创作不息💫】
当时间滴滴答答走到7点🕰，
在充斥着灵感魔法的文化广场🌌，
2025“灵感环岛”原创节文艺展演即将拉开帷幕🌷
多姿多彩的原创音乐🎶，
精彩的戏剧节目，
还有特邀嘉宾的倾情表演～
我们在4月10日19:00—21:30
于文化广场相约，
共赏原创魔法的 ​ 展开c",中国传媒大学学生会,04月11日 02:57 转赞人数超过1000,89,1146,0,8
#易烊千玺中国传媒大学VCR#妈呀好帅#中国传媒大学# ​,湖畔派小诗人_LakePoet,04月10日 23:46 ,0,1,0,8
#易烊千玺中国传媒大学VCR#宝宝你怎么能帅成这样#易烊千玺##中国传媒大学# ​,听夏念啵,04月10日 20:08 ,0,2,0,8
"｜🎉恭喜拟录取🎉｜中传海南国际设计学｜调剂上岸｜本科二本院校初试分数刚过国家线，一志愿也是双非，学生自己觉得肯定是个面试炮灰，找学姐了解了面试情况和关键上岸要素后，犹犹豫豫中还是选择跟学姐冲一晚复试辅导，上岸前熬成了潦草小狗，上岸后开心的能量满满[呲牙]
永远都要相信自己❤️ ​ 展开c",中传A梦学姐,04月10日 18:45,0,0,0,8
宝宝！！！！！！！#中国传媒大学# #易烊千玺#,啾易吖,04月10日 07:52 ,0,0,0,8
"易烊千玺超话 一点开学校公众号 惊现老公的帅脸！
谢谢宝宝为学校送上的祝福❤️
是东京小小的我首映礼那天的衣服
此刻 感觉你离我越来越近了
#中国传媒大学##易烊千玺# ​",Doey_9,04月09日 22:54 ,1,1,0,8
｜复试辅导一对一｜中传调剂｜区域国别学｜进步滴效率很快，之前学姐给出的优势建议都体现的不错，面试问答状态也很棒，只期待一个复试机会！冲呐！#调剂##中国传媒大学# ​,中传A梦学姐,04月08日 00:51,1,0,0,9
｜复试辅导一对一｜中传调剂｜区域国别学｜早早找学姐开始准备调剂，自我介绍定稿后，模拟练习和自我介绍熟练度还得继续优化，不容易滴，好好冲！#调剂##中国传媒大学# ​,中传A梦学姐,04月08日 00:42,0,0,0,9
｜复试辅导一对一｜中传调剂｜国际传媒教育学院新传｜早早就开始准备的学生，问答环节还得继续补充，加油加油👏#调剂##中国传媒大学# ​,中传A梦学姐,04月08日 00:37,1,0,0,9
｜专业咨询｜中传调剂｜广告学院设计专硕｜调剂报名之后，找学姐咨询复试准备，本科背景及作品情况学姐都给出了分析，可以先修改完善准备一下，加油加油！#调剂##中国传媒大学# ​,中传A梦学姐,04月08日 00:29,0,0,0,9
｜专业咨询｜中传调剂｜区域国别学｜一志愿也是不错的学校，调剂想冲一下中传，学姐给出跨考的准备方向建议及优势强化，可以早点准备起来，加油👏#调剂##中国传媒大学# ​,中传A梦学姐,04月07日 21:44,0,0,0,9
"她的101种职业，我想去看看她们的人生
#她的101种职业##重启人生##中国传媒大学##生活手记# L好友梦君的微博视频 ​",好友梦君,04月07日 02:02 ,0,3,0,9
｜复试辅导一对一｜中传调剂｜广告学院设计专硕｜作品集继续配合自我介绍调整，一稿一稿加油～作品集是最重要滴部分，冲！#调剂##中国传媒大学# ​,中传A梦学姐,04月06日 21:06,0,0,0,9
"🐱🐱🐱
Flora Neocomensis
Olga Cafiero
#猫咪星球##遇见艺术##中国传媒大学##首都师范大学# ​",猫咪星球北京分球,04月06日 20:40 ,0,0,0,9
"✅心·灵剧团！25届！李海鸣！
斩获！中国传媒大学表演第一名！
上海戏剧学院表演（木偶）全国第二十名！
天津市省统考表演第一名！
✅中戏!北电！尽情期待！
✅北京心·灵剧团部分成绩展示！
❤后续成绩！敬请期待！
#心灵剧团# #中国传媒大学 #艺考统考# 北京艺考机构#表演# L心·灵剧团的微博视频 ​",心·灵剧团,04月06日 20:01 ,2,3,0,9
｜专业咨询｜中传调剂｜国际传媒教育学院新传｜咨询问题直接copy学姐朋友圈了[呲牙]根据学生情况给出解答之后也是可以想一下要不要尝试，加油！#调剂##中国传媒大学# ​,中传A梦学姐,04月05日 23:52,1,0,0,9
｜专业咨询｜中传调剂｜广告学院设计专硕｜一志愿学生复试专业情况不错，迷之被淘汰，分数也不错，作品也有一定风格和优势，学姐给出中传调剂建议，抓住机会好好冲！如果成功那就是命中注定的反向调剂逆袭了[憨笑]#调剂##中国传媒大学# ​,中传A梦学姐,04月05日 23:47,0,0,0,10
｜复试辅导一对一｜中传调剂｜广告学院设计专硕｜自我介绍之前准备的比较混乱，不能太杂，也不能太故意贴合，学姐不断给出新的方向建议，还得继续加油改，冲！#调剂##中国传媒大学# ​,中传A梦学姐,04月05日 22:16,0,0,0,10
｜专业咨询｜中传调剂｜国际传媒教育学院新传类专业难度分析及匹配度建议，一打电话竟然是学生家长帮学生问，费心了[社会社会]，了解清楚情况后再考虑要不要尝试选择吧，加油👏#调剂##中国传媒大学# ​,中传A梦学姐,04月05日 19:14,0,0,0,10
美妆大神空降校园！中传同学秒变“春日元气脸”！明星化妆师 @春楠 走进 #中国传媒大学# ，上演“一支刷子搞定全脸”的魔法！现场不仅气氛嗨到爆，还狂撒福利！礼品拿到手软，同学们笑得比腮红还甜～果然，变美的路上，快乐和技巧一个都不能少~ L搜狐时尚的微博视频 ​,搜狐时尚,04月05日 09:51 ,7,7,0,10
｜复试辅导一对一｜中传调剂｜区域国别学｜调转方向冲区域国别了！出调剂前就找学姐提前准备复试辅导的学生，尽全力，不想放弃一丝希望，好好完善自我介绍和专业表达，第一年招生还是很有机会滴#调剂##中国传媒大学# ​,中传A梦学姐,04月04日 23:18,1,0,0,10
｜专业咨询｜中传调剂｜国际传媒教育学院新传类专业难度分析及匹配度建议，以及往年学姐带上岸的情况对比，还是要卷复试状态的，不是完全没胜算，好好加油！#调剂##中国传媒大学# ​,中传A梦学姐,04月04日 22:22,0,0,0,10
｜专业咨询｜中传调剂｜区域国别学今年第一年找调剂，学姐给出中传调剂复试流程及重点准备部分介绍和建议，还是有机会就要冲！#调剂##中国传媒大学# ​,中传A梦学姐,04月04日 21:52,1,0,0,10
｜专业咨询｜中传调剂｜一志愿top学校～咨询课更多的是帮学生复盘一志愿被淘汰的问题[呲牙]还是不太甘心调剂上岸～学姐也给出很多调剂专业的介绍，了解透彻之后好好考虑一下，加油❤️上岸不易～但也不要轻易“退而求其次”，冲！#调剂##中国传媒大学# ​,中传A梦学姐,04月04日 17:27,0,0,0,10
"#中传光合作用晨跑#
中国传媒大学“光合作用”晨跑活动第1⃣天！
早八困到眼皮打架？快来南操场加入这场“光合作用”！
年轻的“小白杨”迎着朝霞奔跑，鞋尖踢开薄雾，笑容点亮露珠，每一口呼吸都是春天的味道～
今天共有89名同学参与晨跑活动，总里程达147.49公里，相当于从北京到张家口；平均里程为 ​ 展开c",中国传媒大学学生会,04月03日 23:58 ,0,7,0,10
｜专业咨询｜中传调剂｜相比设计类大多数学生咨询的作品相关性，学生更担心初试分数的竞争度，分数不高怕过不了筛选，学姐给出复试及调剂准备的建议，作品和本科院校还是很有胜算的，还是要提前准备一下，中传一志愿高分都不是复试稳赢的保证，还是卷专业度的，加油👏#调剂##中国传媒大学# ​,中传A梦学姐,04月03日 22:10,0,0,0,10
"中传格莱美·慢放广院杯高光时刻！
球场上沸腾热血，慢镜头放大锋芒🔥这个体育文化月，中传各大学院球队技能加载完毕，速来选择你的入场动画——三分绝杀正中篮筐的期待，残影带风带球过人的动力，今夏必胜凯旋而归的决心……九宫格根本装不下这些神仙操作🏆
猜猜哪支队伍能C位出圈，一鸣惊人捧得广 ​ 展开c",中国传媒大学学生会,04月03日 19:02 ,2,18,0,11
"O网页链接
中国传媒大学考研考什么内容？「783主题写作&883人文社科基础」两门专业课是什么？中传为什么要考这几本书？想要考取研究生，我们需要具备什么样的素质与能力？专业课的评分标准是什么？如何才能考取高分？
六小时公开课带你听！ ​ 展开c",空了个格中传考研,04月03日 13:05 ,0,0,0,11
"｜🎉恭喜中传25考研拟录取🎉｜影视动画创作｜动画学院真的不简单！学生大二就下功夫提前咨询一心增加和完善自己的专业能力，虽然无缘夏令营，但还是顺利通过初试关继续完善增加材料部分，顺利通过～从夏天的材料和面试练习到如今的拟录取～也是见证了学生一年多的成长啦！
心心念念的梦想一定会有 ​ 展开c",中传A梦学姐,04月02日 22:29,0,0,0,11
"再来一波！录取喜报

今年的成绩非常好，
最后统计的数据和完整喜报会汇总在下期推送里，届时也会把大家的感谢信放在里面（看的我们眼泪汪汪🥺），可以期待一下！
考研超话中国传媒大学考研超话#中国传媒大学##中传考研##26考研#25考研超话#考研复试这一站上岸##考研#中传考研超话 ​ 展开c",空了个格中传考研,04月02日 21:50 ,0,0,0,11
"录取喜报｜材料85+ 复试90+ 高分上岸

⍣恭喜恭喜！新的一波喜报来啦～

⍣很多空格er要一起做同学啦！#考研##考研复试这一站上岸##中国传媒大学#考研超话#中传考研##26考研#25考研超话#考研#中国传媒大学考研超话 ​",空了个格中传考研,04月02日 21:48 ,2,2,0,11
"｜🎉恭喜中传25考研拟录取🎉｜少干计划｜全媒体新闻实务｜学生担心自己的本校背景及新闻太卷，材料准备的过程也是出完分数才开始，同时还兼顾其他事情，把夜都“熬穿了”极限交完材料复试不想这么紧张了，找学姐早早练起来，分数很不错的顺利拿到“拟录取”～
等你开学的青稞酒[呲牙][呲牙][呲牙] ​ 展开c",中传A梦学姐,04月02日 15:32,0,0,0,11
"中国传媒大学超话 🙋🏼‍♂️是不是要体测啦～乘着阳光正好，快来田径场跑起来吧！🏃🏻‍♀️或者还可以选择骑车！🚲动起来！
#体测##运动# #中国传媒大学# ​",中国传媒大学微博协会,04月02日 15:27 ,0,5,0,11
｜🎉恭喜中传25考研拟录取🎉｜文产学硕｜数字文化发展与传播｜去年的2月22号找学姐定好方向之后就开始了初试一对一准备，也是辅导一年多的学生啦，当时学姐就很笃定材料和复试问题不大，认真准备就好过，对于学生初试关最重要，但一路也见证了学生很多次焦虑，因为太看重了，整个过程真的拼劲全力 ​ 展开c,中传A梦学姐,04月02日 14:55,0,0,0,11
"｜🎉恭喜拟录取🎉｜文产学硕文化经济与贸易｜材料和复试的整个过程都很重要，尤其是材料关的科研设想部分，依然会在面试现场用到，整个辅导也是见证学生一步一步进步啦～从不太了解专业方向到熟练的复试专业问题表达，虽说不是超级卷的选手，但还是顺利上岸啦！很棒～
我们继续爱春天❤️
“你是中 ​ 展开c",中传A梦学姐,04月02日 13:47,0,0,0,11
"🐱🐱🐱
竹外桃花三两枝。作者：吴冠中
#猫咪星球##遇见艺术##中国传媒大学##首都师范大学# ​",猫咪星球北京分球,04月02日 06:40 ,0,1,0,11
"四月份继续欢迎👏26考研新学生，暂定演出美术设计方向，之后再根据作品情况确定最终方向，学生担心材料关，作品的确很关键，咱先一关一关冲，初试有学姐监督，实时反馈及不同阶段的课程掌握要求，可以滴！
ps：高效学习方法和策略get清楚之后学姐又叮嘱了很多具体的各科学习注意事项，给出一对一复习 ​ 展开c",中传A梦学姐,04月01日 21:22,0,0,0,12
"🐱🐱🐱
重建迪拜
Rebuilding Dubai: the case of Karama
Vale Seliverstova
#猫咪星球##遇见艺术##中国传媒大学##首都师范大学# ​",猫咪星球北京分球,04月01日 18:40 ,0,0,0,12
｜复试辅导一对一｜中传调剂｜学生不想等调剂信息出来再准备，一天一宿怕卷不过来不及，提前准备起来，增加上岸可能性，以及就算真不行，其他调剂学校也能用上[憨笑]冲吧！#中国传媒大学##中传##调剂# ​,中传A梦学姐,04月01日 12:57,1,0,0,12
转自微博@清净为明3LOVE 山东超话诗经超话郑州大学超话红尘禅修超话阅读博览超话中国外交天团超话大家读书吧超话大连超话中国传统文化超话阳明心学超话#长相思# 长春超话#轻松一刻# #读书笔记# #读书# #经典语录# #燕京理工学院# #热门小说推荐# 展开c,正心启慧7526509212,04月01日 11:08 ,0,1,0,12
"有人领到我们的气球了嘛？！！！！！！！
🎉明天就是多点十周年的生日啦～必须「疯」起来～
我们北京、杭州准备了超「疯」超有趣的快闪活动，现场还有气球可以领取哟🎈～
“太好了，是早8的闹钟在群殴我”
“活人微鼠，硬撑中....”
“人格类型 REST休息者”
.......
答应我一定要来领气球，记得要 ​ 展开c",物美超市,03月31日 17:23 ,0,5,0,12
｜专业咨询｜播音主持艺术｜根据学生情况以及详细聊的过程get到学生的担忧，学姐给出三种备考方向选择建议，了解非常详细之后，根据风险以及自己的情况慎重选择，然后就一关一关冲吧，加油👏#中国传媒大学##中传考研# ​,中传A梦学姐,03月31日 15:54,1,0,0,12
｜专业咨询｜调剂咨询｜美术类设计类方向，如果中传也像往年有调剂名额该如何准备，学姐也是给出专业匹配度建议以及准备方法，作品集非常重要，了解清楚之后可以早点准备了！#中国传媒大学##中传考研# ​,中传A梦学姐,03月31日 13:55,1,0,0,12
｜专业咨询｜中传调剂｜一志愿985不错的学校，分数也不错，新传真的太卷了，找学姐咨询中传调剂的可能性以及也想提前准备，学姐按照往年的调剂难度给出中传复试的解答及建议，先准备起来吧，加油👏希望能有希望！#中国传媒大学##中传考研##中传# ​,中传A梦学姐,03月31日 11:48,0,0,0,12
｜专业咨询｜学姐帮选专业｜边工作边考研｜之前一战过别的学校，找学姐咨询中传的方向选择以及材料的匹配度程度，学姐给出非常详细的分析和专业建议，都了解清楚之后再好好加油❤️#中国传媒大学##中传考研# ​,中传A梦学姐,03月31日 11:42,0,0,0,12
｜专业咨询｜中传调剂｜设计类方向的学生找学姐咨询如果有调剂机会（前两年都有）自身的匹配度以及如何提前准备，了解清楚之后就好好加油吧！冲～#中国传媒大学##中传考研# ​,中传A梦学姐,03月30日 22:27,0,0,0,13
"录取喜报｜专业方向第一+动院大满贯全上岸

⍣恭喜恭喜！空格er这么多专业方向第一！动画学院复试小班4人全部录取！复试大礼包班型8人全录取！收获动院大满贯～

⍣收到了很多同学的感谢信，谢谢大家，空格永远都在。

⍣一场场考试充斥着运气和选择，无论如何都不是最终的结果，人生有太多可能性，只 ​ 展开c",空了个格中传考研,03月29日 23:14 ,1,2,0,13
"🐱🐱🐱
1 2 3 2 1
Yao Yuan
#猫咪星球##遇见艺术##中国传媒大学##首都师范大学# ​",猫咪星球北京分球,03月29日 22:22 ,0,0,0,13
"上班之余 上个岸吧

中国传媒大学超话#中国传媒大学##考研# ​",解说员宁浴光,03月29日 21:10 ,2,4,0,13
"嘿，亲爱的同学们！
有没有和我一样想在北京找兼职的小伙伴呢？

我最近发现了一些超好玩的兼职机会： 活动协助，排队充场，人偶扮演，礼仪模特，地推团队等

这些工作时间灵活，适合学生哦！
一起分享经验、相约合作，互帮互助，让我们在这个城市里一起成长！

想加入的同学们，快来评论区留言吧！
​ 展开c",BJ活动执行,03月29日 14:18 ,0,9,0,13
"中国传媒大学2025年影视表演校考全国前16名同学及其所在机构汇总
#表演艺考# #表演艺考生# #艺考# #中传艺考# #中国传媒大学# ​​​​",表演艺考表叔,03月29日 11:09 ,1,3,0,13
｜专业咨询｜中传戏剧影视专硕复试未录取，找学姐复盘了一下问题，主要还是材料部分，材料关真的不仅仅是通过，也顺延到面试，以及如果有一定跨度，艺术类专硕不要写科研设想一定要好好卷实践计划，这是能上岸的关键，给学生分析了很多之后学姐也给出了调剂和是否二战的建议，好好消化一下，再做准备！ ​ 展开c,中传A梦学姐,03月29日 00:05,1,0,0,13
｜专业咨询｜中传电视学院复试未录取，今天加上学姐分析了可能的失败原因，复试准备还是有点可惜，以及学姐也给出了可能的调剂方向建议，以及是否二战的建议，整理好心情，加油👏#中国传媒大学##中传考研# ​,中传A梦学姐,03月28日 23:34,1,0,0,13
那是很好了 欢迎来们#中国传媒大学# 九月开学典礼见,SyniL039_1123,03月28日 22:00 ,0,0,0,13
｜专业咨询｜数字艺术学｜初试考完政治之后就有点没自信了，初试未成，今年想着找学姐好好一对一冲一下，咨询清楚专业匹配度及难度之后，一关一关加油吧！#中国传媒大学##中传考研# ​,中传A梦学姐,03月28日 14:23,0,0,0,13
"🐱🐱🐱
“那个少年闻起来，像雨前的月光。那个少女听起来，像桂树下的倦猫。”
#猫咪星球##遇见艺术##中国传媒大学##首都师范大学# ​",猫咪星球北京分球,03月27日 22:22 ,0,0,0,14
#中国传媒大学 ##广东省中国传媒大学校友会# 中传校友年度相聚广州 祝福母校越来粤好！ L山海夫导演的微博视频 ​,山海夫导演,03月27日 15:48 ,0,0,0,14
O做老师到底有多少钱？盘点全国各地教师薪资情况！山东第一医科大学超话#美食探店##刘宇宁##澳洲留学##中国传媒大学# ​,学术杂志社责任编辑,03月27日 12:56 ,0,0,0,14
#被擦妆5次艺考生被中国传媒大学录取#哈哈哈哈哈我们小格子考完试也是跟我们分享了被擦妆的经历～马予心超话但是外形只是一方面，最重要的还是大家各自的实力希望每一个努力的女孩纸都能被世界温柔以待#中国传媒大学#中国传媒大学超话 ​,月亮下的樱桃小鱼,03月27日 11:56 ,1,0,0,14
#被擦妆5次艺考生被中国传媒大学录取##中国传媒大学# 传媒学校果然不缺美女 ​,H_yww,03月27日 11:01 ,1,2,0,14
"#中国传媒大学# 曾经可以自由出入的大学校园，如今一个个都成为了禁区。
经过一系列冗长程序后，终于在6年后再次重新来到近在咫尺的中国传媒大学。
既然来一趟如此不易，那就尽力用足了机会，多在里边转转。
一周前这天晴空万里，天上没有阴云，地下也没有震荡。所有的树木在 ​ 展开c",伊夫,03月27日 07:45 ,2,10,0,14
中国传媒大学终试成绩揭晓，那位在考试中被黄杨钿甜和陈天润前后夹击、当时被全网数百万人关注的小桃李女孩也成功收获了合格证！祝福她，同时也祝福所有的艺考生都能喜获佳绩！#艺考# #艺考生# #中国传媒大学# L娱乐解语花的微博视频 ​,娱乐解语花,03月27日 02:24 ,0,0,0,14
｜专业咨询｜传媒经济学｜学生觉得自己选的专业即便是过了复试也不太满意，想二战考真正喜欢的方向，但883 783的难度还是不一样的，学姐给出建议之后，可以好好考虑一下再决定～先等等复试消息❤️#中国传媒大学##中传考研# ​,中传A梦学姐,03月26日 15:24,1,0,0,14
好一个默默做事却不声张，胡静怡真是厉害👍 #red组合# #胡静怡# #中国传媒大学# L瓜酱叭叭叭的微博视频 ​,瓜酱叭叭叭,03月26日 11:49 ,0,1,0,14
王鹤润，一位来自辽宁省沈阳市的优秀演员，出生于1994年10月8日，毕业于中国传媒大学文艺编导专业。她在多部知名影视作品中展现了卓越的演技，如《如懿传》《延禧攻略》《知否知否应是绿肥红瘦》《金枝玉叶》以及《玫瑰之战》。这些年她的事业可谓炙手可热，期待她未来更多精彩表现！老乡们，一起为她 ​ 展开c,美妆安利库,03月26日 10:49 ,0,0,0,14
"🐱🐱🐱
画家 Louise Martineau 风光绘画作品
#猫咪星球##遇见艺术##中国传媒大学##首都师范大学# ​",猫咪星球北京分球,03月26日 06:23 ,1,0,0,15
｜恭喜🎉材料通过｜传媒艺术学｜材料分数99的成绩学姐辅导多年第一次见证[旺柴]～是学姐带的专业课全程班学生！初试打基础很不错，中间断断续续忙别的事情也没太影响效率，夏令营又找学姐准备材料和面试，虽然无缘保研，但也提前尝试了材料关的深浅，果断换专业继续备考初试，蹭过的分数，逆袭的超级 ​ 展开c,中传A梦学姐,03月25日 23:33,0,0,0,15
"｜恭喜🎉材料通过｜音乐产业｜中传本校｜二战相关专业，也是辅导一年的学生了，去年材料评议做完但初试不给力，学生二战开始找学姐一对一，说冲390就是390，今年的材料关直接就交了去年准备的[旺柴]（一点都不带完善的）依然还是不太卷的学生，过就行！问题不大，没有辜负❤️
🌟此方向学姐材料一 ​ 展开c",中传A梦学姐,03月25日 18:43,0,0,0,15
"｜恭喜🎉材料通过｜智能视听创作｜去年学姐带上岸的第一名推荐过来的，找学姐做完专业匹配度就开始猛猛一关一关冲啦！中间也纠结过专业选择，最后还是坚定去冲！专硕竞争压力的确大，材料关抢时间完成，复试也是继续找学姐狂练，希望实现去年的约定，接力上岸❤️
🌟此方向学姐材料一对一共带4人， ​ 展开c",中传A梦学姐,03月25日 18:08,0,0,0,15
｜恭喜🎉材料通过｜智能视听创作｜材料分数87，统招人数进面13人排名第三。去年7月份找学姐先咨询方向，纠结报考纪录片创作还是视听创作，方向确定好之后，踏实准备初试～初试顺利，整个材料辅导感觉却是抽学生空进行[呲牙]忙忙碌碌的紧紧张张，但还是顺利完成提交～专业实力匹配度可以的，分数冲的 ​ 展开c,中传A梦学姐,03月25日 17:45,1,0,0,15
"｜恭喜🎉材料通过｜智能视听创作｜少干计划｜中传本校跨考｜专业跨度很大，几无相关作品，但还是冲过材料啦～实践计划对跨考生很重要，材料不高，冲过就好～
🌟此方向学姐材料一对一共带4人，3人顺顺利利通过材料关！
继续等复试拟录取好消息🍀#中国传媒大学##中传考研# ​",中传A梦学姐,03月25日 17:12,0,0,0,15
"｜恭喜🎉材料通过｜电影创作｜少干计划｜临近提交前找学姐狂赶材料，熬夜完善，实践计划也从换选题到一稿一稿完善到位，冲到最后的截止日期提交，也是顺利通过，今年电影创作也很卷，很棒👍
🌟此方向学姐材料一对一共带1人，顺顺利利通过材料关！
继续等复试拟录取好消息🍀#中国传媒大学# ​ 展开c",中传A梦学姐,03月25日 16:45,0,0,0,15
"｜恭喜🎉材料通过｜创意写作｜22年就加上学姐了，可能之前上岸的缘分不够，一波三折，今年也是从初试到材料到复试全程辅导的学生，初试学姐就说今年肯定行了，材料和复试也没少盯着改练，不容易的冲梦之旅，希望最终关也一定一定可以的！
🌟此方向学姐材料一对一共带1人，顺顺利利通过材料关！
继 ​ 展开c",中传A梦学姐,03月25日 16:11,0,0,0,15
"｜恭喜🎉材料通过｜国际商务｜临近提交找学姐约课时辅导，给出个人陈述和作品集很多大改完善的建议，结果也是通过✅
🌟此方向学姐材料一对一共带1人，顺顺利利通过材料关！
继续等复试拟录取好消息🍀#中国传媒大学##中传考研# ​",中传A梦学姐,03月25日 14:52,1,0,0,15
"｜恭喜🎉材料通过｜综艺节目策划与创作｜材料分数68分（统招人数进面7人，材料第二名）｜学生去年找学姐咨询方向定位，考完找学姐重新大改材料，把学生的专业表达发挥到最大值，三大件大改完成，整整齐齐展现出专业优势，稳稳的通过✅
🌟此方向学姐材料一对一共带2人，1人通过材料关！
继续等复试 ​ 展开c",中传A梦学姐,03月25日 14:33,0,0,0,15
｜恭喜🎉材料通过｜广播艺术创作｜考完初试就找学姐准备起来了～没有特别明显的广播艺术相关作品的跨考学生，但是没关系，学姐去年带上岸的学生也没有，所以材料部分的实践计划专业很重要，个人陈述和作品集的相关能力素养体现也很关键，让老师觉得咱是潜力股，不断的修改完善，认真完成，提交前就很 ​ 展开c,中传A梦学姐,03月25日 13:45,0,0,0,16
"主持vlog | 中传大一播音生来北师大主持啦
#中国传媒大学##北京师范大学##主持# L杨Y-yzz的微博视频 ​",杨Y-yzz,03月25日 09:41 ,1,2,0,16
晚上见！#中国传媒大学##北京第二外国语学院##日咖夜酒# 2北京·桃園·日咖夜酒 ​,PAL大舌头,03月24日 23:24 ,1,8,0,16
｜恭喜🎉材料通过｜数字艺术学｜双非跨考｜超卷的动画学院，学生找到学姐开始完善材料的时候，当时的版本有点像雨中的潦草小哥，瑟瑟发抖，太容易被卡了，学生双非背景和跨考，初试分数也没有优势，真的很险，整个材料都很啰嗦且当时学姐就说必须超级熬夜的冲这几天才能冲一个希望，还是做到了！蹭过 ​ 展开c,中传A梦学姐,03月24日 22:22,0,0,0,16
"｜恭喜🎉材料通过｜播音与主持艺术｜学生材料进度有点被耽误了，找学姐抓紧开始熬夜修改增速，临近提交顺利完成，方向很卷，恭喜通过！
🌟此方向学姐材料一对一共带1人，顺顺利利通过✅
继续等复试拟录取好消息🍀#中传考研##中国传媒大学# ​",中传A梦学姐,03月24日 16:49,0,0,0,16
"｜恭喜🎉材料通过｜广播电视学｜网络新闻与信息传播｜2022年的春天就加上学姐了，当年学生一战失利，今年再战，找学姐踏实重写材料所有部分，翻新大改之后不求第一只为通过～紧张的电视学院，不容易！
🌟此方向学姐材料一对一共带1人，顺顺利利通过✅
继续等复试拟录取好消息🍀#中国传媒大学# ​ 展开c",中传A梦学姐,03月24日 15:53,0,0,0,16
"｜恭喜🎉材料通过｜文产学硕｜艺术管理学｜学生初试分数考的很不错，初试结束就找学姐开始准备材料，也是怕有专业上的不足或者本科劣势，早早准备，一稿一稿完善，也是顺顺利利通过～进入面试的综合成绩第二名（统招人数4人进面试）
🌟此方向学姐材料一对一共带1人，顺顺利利通过✅
继续等复试拟录 ​ 展开c",中传A梦学姐,03月24日 14:58,0,0,0,16
"🐱🐱🐱
Thomas Zipp（托马斯 · 泽普）
#猫咪星球##遇见艺术##中国传媒大学##北京师范大学# ​",猫咪星球北京分球,03月24日 14:23 ,0,0,0,16
"｜恭喜🎉材料通过｜文产学硕｜文化经济与贸易｜初试结束后就找学姐报名了材料，中间学生有事情耽误但也没有影响最终进度，一遍一遍增加对专业是理解，丰富专业表达～
材料和综合成绩均为第二名（面试共4人）。
🌟此方向学姐材料一对一共带1人，顺顺利利通过✅
继续等复试拟录取好消息🍀 ​ 展开c",中传A梦学姐,03月24日 14:14,0,0,0,16
"｜初试辅导883 783｜中传25考研复试结束，26学员继续接力，新的周一，学姐继续给大家安排新的听课和进度～学的早的学员陆续开始文学和媒介的第二轮学习啦，任务量和听课进度都再加强，知识点记忆度也在加强，继续冲！
🌟ps：不管压不压分，咱都能考高分！努力就是一切❤️
🌟还没开始准备883 783的 ​ 展开c",中传A梦学姐,03月24日 13:18,0,0,0,16
"『聆知科普』
什么！？电竞居然也是顶尖大学的专业课？？
英雄电竞与中国传媒大学合作开设电竞专业必修课，宽基础、重通识教育和高水平、精细化专业培养模式相结合，推动电竞行业规范发展！
关注《菁英计划2.0》，获得更多电竞资讯~
#聆知派##英雄电竞##中国传媒大学##《菁英计划2.0》# ​",聆知派,03月24日 13:16 ,0,1,0,17
幸福的一天🥳#中国传媒大学##张嘉元##黄朔##张子墨##偶遇# ​,WXJ的小小星球,03月24日 13:04 转赞人数超过20,10,61,0,17
｜专业咨询｜学姐帮选方向｜找学姐咨询之前学生也了解了一些中传的方向及难度，也很想找学姐选一个交叉性的学科，本专业不想继续读了，对着官网的可能性的专业学姐给出非常清晰的解答，专业也选出来啦！一拍即合之后就一关一关加油👏#中传考研##中国传媒大学# ​,中传A梦学姐,03月23日 18:23,0,0,0,17
｜专业咨询｜创意写作｜学生对创作类方向跨考的念头很足，即便是再考一年也还是很想冲，但学姐也给出了很多客观的分析及竞争压力，这个专业不是那么好考，了解楚之后可以参考一些学姐给出的方法再好好加油～冲！❤️#中国传媒大学##中传考研# ​,中传A梦学姐,03月22日 21:19,1,0,0,17
｜专业咨询｜跨考播音｜给学生分析了这两年学姐带过的播音通过的学生，及专业要求和难度，还是不太建议盲目尝试，多看看其他高校也可能会有更好的实现梦想的机会，不然材料和面试关还是真的有点冒险，加油👏#中国传媒大学##中传考研# ​,中传A梦学姐,03月22日 21:10,1,0,0,17
王冰冰亮相中国传媒大学，引发众人围观，标志性笑容超级甜美！ #王冰冰# #中国传媒大学# L美少女的颜控日记的微博视频 ​,美少女的颜控日记,03月21日 00:54 ,1,4,0,17
｜中传复试辅导一对一｜广播电视学｜网络新闻与信息传播｜继续明天的押题最后一练～别练的越来越多忘了最容易考的部分，熟悉度再找回来✌️可以滴！冲好运🍀#中国传媒大学##中传考研# ​,中传A梦学姐,03月20日 22:20,1,0,0,17
"🐱🐱🐱
On Instagram
David Hurn
#猫咪星球##遇见艺术##中国传媒大学##首都师范大学# ​",猫咪星球北京分球,03月20日 14:02 ,0,0,0,17
｜中传复试辅导一对一｜广播电视学｜考前继续模拟一遍一遍练习熟练度，继续加油👏可以滴#中国传媒大学##中国传媒大学# ​,中传A梦学姐,03月19日 23:43,0,0,0,17
｜中传复试辅导一对一｜智能视听创作｜面试状态上次说完很大提高啦！继续加油冲！#中国传媒大学##中传考研# ​,中传A梦学姐,03月19日 23:22,1,0,0,17
｜中传复试辅导一对一｜传媒艺术学｜一路咱都非常努力啦～该准备的也都很不错，继续把状态调整到最好就可以的！复试问题也继续查缺补漏（基本全方位都会啦[呲牙]）能行！❤️#中国传媒大学##中传考研# ​,中传A梦学姐,03月19日 19:00,0,0,0,18
｜中传复试辅导一对一｜创意写作｜跨考背景，也是从初试辅导到现在的复试关，状态调整到最好冲明天的超级顺利❤️不可动摇的实现梦想吧！加油👏#中国传媒大学##中传考研# ​,中传A梦学姐,03月19日 18:56,1,0,0,18
今天是《中传》三试首日，小桃李与黄杨钿甜同学及陈天润同学前后相伴一同参加考试，期间发生了不少趣事，快来听听看吧~ #中国传媒大学# #黄杨钿甜# #陈天润# L谦谦综艺秀的微博视频 ​,谦谦综艺秀,03月19日 09:52 ,2,19,0,18
｜中传复试辅导一对一｜传媒艺术学｜继续边学边练，表达感觉还是很不错的，专业问答搞定差不多也多练习个人问答，加油👏#中国传媒大学##中传考研# ​,中传A梦学姐,03月18日 23:02,0,0,0,18
｜中传复试辅导一对一｜传媒艺术学｜熟练度越来越好了～学姐继续给出建议，继续查缺补漏，状态可以滴！#中国传媒大学##中传考研# ​,中传A梦学姐,03月18日 20:54,0,0,0,18
中国传媒大学超话 虽然气温还没有回暖 但是春天的气息已经不知不觉渗入校园啦！快来看看学校里美丽的fafa吧～#春天##花##中国传媒大学# ​,中国传媒大学微博协会,03月18日 16:58 ,1,7,0,18
"🐱🐱🐱
Devin Korwin (ins:devinkorwin)
#猫咪星球##遇见艺术##中国传媒大学##首都师范大学# ​",猫咪星球北京分球,03月18日 16:02 ,1,0,0,18
"中传大二小幸运MV翻拍
“原来你是我最想留住的幸运”
#小幸运##翻拍##中国传媒大学##女大学生# 2北京·中国传媒大学 L想要生产力的微博视频 ​",想要生产力,03月18日 15:06 ,1,0,0,18
"主持vlog | 中传大一播音生来央视主持啦！
今天来CCTV农业节目演播厅主持了～
第二次来啦，这次是在1号录音室主持，相对于外景来说没有那么紧张👻
#中国传媒大学##播音主持##主持# 2北京·CCTV农业节目演播厅 L杨Y-yzz的微博视频 ​",杨Y-yzz,03月18日 10:13 ,0,1,0,18
｜中传复试辅导一对一｜广播艺术创作｜问题更新继续表达升级继续，状态很不错👍继续冲到赢！加油👏#中国传媒大学##中传考研# ​,中传A梦学姐,03月17日 22:41,1,0,0,18
｜中传复试辅导一对一｜全媒体新闻实务｜少干计划｜每天都在进步，表达状态练出来啦～继续查漏补缺其他重点和热点部分，加油👏#中国传媒大学##中传考研##中传# ​,中传A梦学姐,03月17日 19:00,0,0,0,19
"🐱🐱🐱
游走在色彩之间 | Jesse Stone
#猫咪星球##遇见艺术##中国传媒大学##首都师范大学# ​",猫咪星球北京分球,03月17日 18:02 ,0,0,0,19
｜中传复试辅导一对一｜广告学品牌传播｜昨天的表达问题说完之后今天就很大改善，但还是要继续加油，表达状态继续升级！冲！#中国传媒大学##中传考研# ​,中传A梦学姐,03月16日 22:09,1,0,0,19
｜中传复试辅导一对一｜传媒经济学｜智能融媒体管理与运营｜自我介绍得继续连续熟悉度，专业问答也得好好消化清楚再不断练表达，加油加油！#中国传媒大学##中传考研# ​,中传A梦学姐,03月16日 18:33,1,0,0,19
"🐱🐱🐱
MATAGI
Javier Corso
#猫咪星球##遇见艺术##中国传媒大学##首都师范大学# ​",猫咪星球北京分球,03月16日 18:02 ,0,0,0,19
｜中传复试辅导一对一｜影视动画创作｜材料分数非常不错，提交前学姐就说过能行，复试自我介绍夏令营的时候就找学姐准备过了，面试问答问题很多，得练表演呀，猛猛练，不断完善和熟练，加油！#中国传媒大学##中传考研# ​,中传A梦学姐,03月15日 23:01,0,0,0,19
#央视##央视新闻#中国传媒大学超话#中国传媒大学##深圳##新闻# ​,小吴_同学2002,03月15日 14:58 ,0,0,0,19
"#中国传媒大学# 我的评分：
中国传媒大学超话 家人们咱们附近有没有比较好的便宜点的酒店推荐 ​",著名冷脸公主M,03月15日 14:29 ,1,0,0,19
#中国传媒大学# ​​​ 2北京·中国传媒大学 ​,王phoebe13,03月14日 23:18 ,0,1,0,19
｜专业咨询｜中传调剂｜找学姐了解了去年前年的调剂情况和专业准备问题，说的很详细了，学姐也给出了很多建议，加油👏#中传考研##中国传媒大学# ​,中传A梦学姐,03月14日 14:16,1,0,0,19
｜中传复试辅导一对一｜综合美术绘画｜不仅仅是面试的表达，学姐也给出了很多作品集的完善建议，好好加油！#中国传媒大学##中传考研# ​,中传A梦学姐,03月13日 22:00,0,0,0,20
最新中国传媒大学考研复试调剂信息汇总#北京##211大学##中国传媒大学##考研##复试# L春研学姐的微博视频 ​,春研学姐,03月12日 17:40 ,0,0,0,20
"复试必必必必必备
有备不慌O复试必备|请给你的简历、自我介绍和作品集整一个人设定位！
考研超话中国传媒大学考研超话#中国传媒大学##中传考研#中传考研超话CUC中传考研超话#26考研##考研##自我成长# ​",空了个格中传考研,03月12日 11:07 ,2,1,0,20
"回忆篇📔 安徽主持人大赛2024

“人生好像真的走每一步都算数”📖

P1-2 跟好朋友一起逛街（殊不知即将到来的是9月的腥风血雨～第二天就出发比赛）
P3-4 自己去安徽宏村旅行 （拍了vlog）
P5 一路颠簸倒车来到六安比赛
P6 意外进入半决赛打乱我的全部计划 却获得了极限1天找南京的好朋友的机会（那 ​ 展开c",脆脆鲨-722,03月11日 00:40 ,3,22,0,20
｜中传复试辅导一对一｜编剧｜第二稿自我介绍还要继续完善～专业问答也开始模拟了，第一次问答基本都得重新完善内容，继续加油，好好准备，每一次都要进步❤️#中国传媒大学##中传面试# ​,中传A梦学姐,03月09日 17:49,0,0,0,20
如果一定要在一个大学里拍摄的话为什么不能是#中国传媒大学# 呢？ ​,SyniL039_1123,03月08日 16:29 ,1,2,0,20
｜专业咨询｜学姐帮忙选方向｜学生的本科学校往年学姐也有带上岸滴学生，并不陌生的本校背景[呲牙]根据学生情况学姐给出专业分析以及很明确的方向建议，还是很有可考性的，本校专业也有一定优势，对齐信息差之后就好好加油吧～一关一关冲！❤️#中国传媒大学##中传考研# ​,中传A梦学姐,03月07日 20:36,0,0,0,20
情校#中国传媒大学# 2北京·中国传媒大学 ​,齐由齐庄,03月02日 12:19 ,1,1,0,20
"｜材料辅导一对一｜品牌营销传播｜实践计划继续完善，整体字数不能超太多，梳理好逻辑，还得接着改，个人陈述也继续完善专业表达，跨考大变身[呲牙]
ps：今年材料和面试一定会比前两年竞争更大，也明显今年专业给分相对友好，加上分数线下降，就算公共课难一点，整体过线人数还是不少，材料和面试一定 ​ 展开c",中传A梦学姐,02月28日 18:30,0,0,0,20
"🐱🐱🐱
繁星戏剧村爆款热剧《显微镜下的大明之丝绢案》精彩进行中～
本剧的剧情从明朝万历年间“初入架阁库的数学天才”帅家默在进入 「架阁库」后向“深谙官场规则的仁华县县令""方懋珍 提告「人丁丝绢税」一案拉开帷幕。
2小时的演出，大体量的台词其间穿插了大量生僻而有着历史韵味的词汇而观 ​ 展开c",猫咪星球北京分球,02月28日 11:20 ,12,11,0,20
"💫中国传媒大学2025奇点市集🪐等你到来💫
 
🔵“奇点”
是宇宙大爆炸的起点
是万千世界生长的原点

🎨当“艺考”遇见奇点
我们在这里
远眺到无数新生的艺术力量与可能性
 
⏰【活动时间】
2月18日-2月23日
每日11:00-14:00、16:00-18:00

🗺️【活动地点】
中国传媒大学白杨大集

🌟更多 ​ 展开c",中国传媒大学学生会,02月16日 22:30 ,1,4,0,21
"重磅！环境式悬疑剧场《朱莉小姐》又来啦！
改编自J.A：斯特林堡的经典独幕悲剧《朱莉小姐》伯爵家出现了一起案件，治安警察保罗奉命调查此案，并且在伯爵家对关键证人朱莉进行了一次危险的询问。到底是案件另有隐情,还是午夜的荷尔蒙作祟，保罗对朱莉询问伴随着夜晚不断的深入，而保罗也发现，似乎自 ​ 展开c",猫咪星球北京分球,02月09日 12:36 ,11,12,0,21
"“把你藏在歌里，故事以外总有一万个哈姆雷特，但只有身处歌词其中的你和我，能听懂我在对你说什么。”

我的毕设《把你藏在歌里》开机2周年 终于和大家见面啦！你敢想这个短片是在湘潭拍出来的？？！

摇滚bking和洒脱酷女孩不打不相识的故事，这首没写完的合作曲结局如何？欢迎朋友们戳进“阿b id： ​ 展开c",左湘晋-v-,02月09日 12:10 ,5,47,0,21
"中传考研超话
🙋‍♀️一战跨考上岸中国传媒大学戏剧专业，材料评议及初试综合排名全国第一。【可接材料批改/面试技巧】

中传在每年的硕士招生环节中，都会设置“材料评议”环节。那么什么是材料评议？它有怎样的作用？怎么样取得较高的分数。

💡什么是材料评议？
这是中传硕士招考中必不 ​ 展开c",你喜欢莎乐美嘛,01月15日 16:03 ,4,6,0,21
"人生有很多的不可预知，面对每一次的突发状况，转念笑对，欣然接纳，不抱怨，不指责，允许一切发生，方是该有的人生态度，每一次经历，皆是生命中该有的功课，且行且珍惜！
​ps：来比亚迪夏上市发布会啦！
张涵予也来现场了，本人很帅，硬汉！
跟夏的气质很搭～感觉比亚迪夏可能就卖 19.8 出头，把塞 ​ 展开c",厚颜无耻又可爱聪明的人,01月08日 20:18 ,3,0,0,21
"霉霉 Taylor Swift 的五首歌曲入选中国传媒大学图书馆2025年闭馆音乐！🫶🏻

All Too Well
You're On Your Own, Kid
New Year's Day
State of Grace
Bigger Than The Whole Sky

#Taylor Swift##中国传媒大学# ​",TaylorSwiftCollection,01月02日 22:51 转赞人数超过1200,75,1592,0,21
